や,ま,た,か,み,ふ,り,く,る,き,り,に,む,す,は,れ,て,な,く,う,く,ひ,す,の,こ,ゑ,ま,れ,ら,な,り
は,る,た,た,は,わ,か,な,つ,ま,む,と,し,め,し,の,に,き,の,ふ,も,け,ふ,も,ゆ,き,は,ふ,り,つ,つ
わ,か,せ,こ,に,み,せ,む,と,お,も,ひ,し,う,め,の,は,な,そ,れ,と,も,み,え,す,ゆ,き,の,ふ,れ,れ,は
う,く,ひ,す,の,な,き,つ,る,こ,ゑ,に,さ,そ,は,れ,て,は,な,の,も,と,に,そ,わ,れ,は,き,に,け,る
し,つ,か,な,る,か,き,ね,も,と,め,て,い,つ,く,わ,か,は,る,の,あ,り,か,を,と,も,に,も,と,め,む
は,な,の,え,を,を,り,つ,る,か,ら,に,ち,り,ま,か,ふ,に,ほ,ひ,に,あ,か,す,お,も,ほ,ゆ,る,か,な
か,み,さ,ひ,て,ふ,り,に,し,さ,と,に,す,む,ひ,と,は,み,や,こ,に,に,ほ,ふ,は,な,を,た,に,み,す
は,る,を,み,て,か,へ,ら,む,こ,と,を,わ,す,る,る,は,こ,た,か,き,か,け,に,よ,り,て,な,り,け,り
と,し,つ,き,に,ま,さ,る,と,し,な,し,と,お,も,へ,は,や,は,る,し,も,つ,ね,に,す,く,な,か,る,ら,む
あ,か,て,の,み,す,き,ゆ,く,は,る,を,い,か,て,か,は,こ,こ,ろ,に,い,れ,て,を,し,ま,さ,る,へ,き
か,ね,て,よ,り,わ,か,れ,を,し,み,し,は,る,は,た,た,あ,け,む,あ,し,た,そ,か,き,り,な,り,け,る
は,る,と,の,み,と,こ,ろ,と,こ,ろ,に,を,し,め,と,も,み,な,お,な,し,い,ろ,に,す,き,ぬ,る,か,う,き
は,る,は,る,と,あ,ひ,て,お,い,ぬ,る,み,な,れ,は,や,さ,ら,に,な,み,た,の,な,か,れ,さ,る,ら,む
い,ま,は,は,や,か,へ,り,き,な,ま,し,ふ,ち,の,は,な,み,き,と,せ,し,ま,に,と,し,そ,へ,に,け,る
こ,つ,た,ひ,し,み,と,り,の,い,と,の,よ,り,け,れ,は,う,く,ひ,す,と,む,る,ち,か,ら,な,き,か,な
は,な,を,の,み,た,つ,ね,こ,し,ま,に,は,る,は,た,た,ふ,か,さ,あ,さ,さ,も,し,ら,れ,さ,り,け,り
は,か,な,く,て,そ,ら,な,る,か,せ,の,と,し,を,へ,て,は,る,ふ,き,お,も,る,こ,と,そ,あ,や,し,き
あ,た,ら,し,き,は,る,の,や,ま,へ,の,は,な,の,み,そ,と,こ,ろ,も,わ,か,す,さ,き,に,け,る,か,な
あ,と,た,え,て,し,つ,け,き,や,と,に,さ,く,ら,は,な,ち,り,は,つ,る,ま,て,み,る,ひ,と,も,な,し
と,し,ふ,か,く,お,い,ぬ,る,ひ,と,の,か,な,し,き,は,さ,け,る,は,な,を,も,た,と,る,な,り,け,り
ち,か,か,ら,ぬ,と,き,に,ひ,と,た,ひ,わ,か,る,れ,は,と,し,の,み,と,せ,に,へ,た,た,り,に,け,る
わ,か,れ,に,し,き,み,か,み,を,す,て,い,た,つ,ら,に,か,た,ち,の,か,は,る,み,こ,そ,つ,ら,け,れ,る
し,ら,く,も,は,わ,か,る,る,こ,と,に,た,ち,ぬ,れ,と,き,み,と,も,に,こ,そ,ゆ,き,か,く,れ,ぬ,れ
わ,か,れ,て,の,の,ち,も,あ,ひ,み,む,と,ほ,く,と,て,こ,れ,を,い,つ,れ,の,と,き,と,か,は,し,る
ふ,た,つ,と,て,み,え,ぬ,に,つ,き,の,や,ま,こ,と,に,て,り,わ,た,り,つ,つ,あ,き,ら,け,き,か,な
あ,つ,か,ら,す,さ,む,く,も,あ,ら,す,よ,き,ほ,と,に,ふ,き,く,る,か,せ,の,や,ま,す,も,あ,ら,な,む
く,も,り,な,く,た,き,は,や,ま,さ,へ,は,れ,ゆ,け,は,み,つ,の,い,ろ,さ,へ,あ,ら,た,ま,り,ゆ,く
し,ら,く,も,の,な,か,を,や,り,つ,つ,ゆ,く,み,つ,の,め,て,た,き,こ,と,は,や,ま,に,そ,あ,り,け,る
ひ,と,り,し,て,く,も,の,か,け,は,し,こ,え,ゆ,か,む,い,つ,こ,の,か,た,か,や,ま,は,さ,か,し,き
ゆ,く,み,つ,の,あ,を,き,や,ま,よ,り,お,ち,く,れ,は,し,ら,く,も,た,つ,と,み,そ,ま,か,へ,つ,る
お,き,つ,よ,り,ふ,き,く,る,か,せ,は,し,ら,な,み,の,は,な,と,の,み,こ,そ,み,え,わ,た,り,け,れ
わ,ひ,て,ゆ,く,や,と,は,ひ,か,り,の,く,れ,ゆ,け,は,ふ,く,か,せ,の,み,そ,と,さ,し,な,り,け,る
よ,そ,に,て,も,は,な,を,あ,は,れ,と,み,る,か,ら,に,し,ら,ぬ,や,ま,へ,に,ま,つ,い,り,に,け,り
さ,し,わ,か,て,ふ,か,く,あ,は,れ,と,み,え,け,れ,は,は,れ,て,し,つ,け,き,と,こ,ろ,な,り,け,り
か,け,し,け,き,み,つ,の,あ,た,り,に,と,し,を,へ,て,す,き,に,け,れ,と,も,あ,は,れ,な,る,か,な
ふ,く,か,せ,の,ひ,か,り,を,と,は,と,お,も,へ,は,そ,し,は,し,も,こ,こ,に,あ,そ,ふ,へ,ら,な,る
あ,や,し,く,も,と,し,を,な,か,ら,へ,ひ,と,り,し,て,あ,く,か,れ,わ,た,る,み,と,や,な,り,な,む
あ,ま,つ,そ,ら,た,か,く,は,れ,つ,つ,み,え,つ,る,は,く,れ,ゆ,く,や,ま,も,と,ほ,く,そ,あ,り,け,る
や,と,こ,と,に,は,な,の,に,し,き,を,お,れ,れ,は,そ,み,る,に,こ,こ,ろ,の,や,す,き,と,き,か,な
た,に,み,つ,の,こ,と,の,ね,た,え,す,あ,し,ゆ,れ,は,と,き,の,ま,に,た,る,ふ,た,た,す,そ,き,く
な,く,な,み,た,ふ,る,た,も,と,に,し,う,つ,り,て,は,く,れ,な,ゐ,ふ,か,き,や,と,と,こ,そ,み,れ
わ,か,る,と,き,い,ひ,つ,る,と,し,の,は,る,け,き,は,ち,か,き,を,み,る,そ,わ,ひ,し,か,り,け,る
あ,は,れ,と,も,わ,か,み,の,み,こ,そ,お,も,ほ,ゆ,れ,は,か,な,き,は,る,を,す,く,し,き,ぬ,れ,は
ひ,と,と,せ,に,ま,た,ふ,た,た,ひ,も,こ,し,も,の,を,た,た,ひ,る,な,か,に,は,る,は,の,こ,れ,る
う,く,ひ,す,は,す,き,に,し,は,る,を,を,し,み,つ,つ,な,く,こ,ゑ,お,ほ,き,こ,ろ,に,も,あ,る,か,な
う,つ,せ,み,の,み,と,し,な,り,ぬ,る,わ,れ,な,れ,は,あ,き,を,ま,た,て,そ,や,み,ぬ,へ,ら,な,る
う,く,ひ,す,と,と,き,な,ら,ね,は,そ,な,く,こ,ゑ,の,い,ま,は,ま,れ,ら,に,な,り,ぬ,へ,ら,な,る
か,き,り,と,て,は,る,の,す,き,に,し,と,き,よ,り,そ,な,く,と,り,の,ね,も,い,た,く,き,こ,ゆ,る
あ,き,ち,か,く,は,ち,す,は,ひ,ら,く,み,つ,の,お,も,に,く,れ,な,ゐ,ふ,か,く,い,ろ,そ,み,え,け,る
ふ,く,か,せ,に,く,さ,も,お,な,し,く,な,り,ゆ,け,は,お,つ,る,は,な,こ,そ,ま,れ,に,み,え,け,れ
な,く,と,り,の,こ,ゑ,ふ,る,く,の,み,き,こ,ゆ,る,は,の,こ,れ,る,は,な,の,え,た,を,こ,ふ,る,か
つ,き,か,け,に,な,へ,て,ま,さ,こ,の,て,り,ぬ,れ,は,な,つ,の,よ,ふ,か,き,し,も,か,と,そ,み,る
わ,か,こ,こ,ろ,し,け,き,と,き,に,は,ふ,く,か,せ,の,こ,と,に,は,あ,ら,ね,と,す,す,し,か,り,け,り
や,ま,ふ,か,く,た,に,を,わ,け,つ,つ,ゆ,く,み,つ,の,ふ,き,つ,る,か,せ,そ,す,す,し,か,り,け,る
あ,ま,の,か,は,ほ,と,の,は,る,か,に,な,り,ゆ,け,は,あ,ひ,み,る,こ,と,の,そ,ら,め,な,き,か,な
あ,き,の,よ,の,し,も,に,た,と,へ,し,わ,か,か,み,は,と,し,の,は,か,な,く,お,い,し,つ,も,れ,は
お,ほ,か,た,の,あ,き,く,る,か,ら,に,わ,か,み,こ,そ,か,な,し,き,も,の,と,お,も,ひ,し,り,ぬ,れ
お,く,し,も,に,く,さ,の,か,れ,ゆ,く,と,き,よ,り,そ,む,し,の,な,く,ね,も,た,か,く,き,こ,ゆ,る
ひ,と,と,せ,に,ひ,と,よ,の,み,こ,そ,た,な,は,た,の,あ,ま,の,か,は,ら,を,わ,た,る,て,ふ,な,れ
も,の,お,も,ふ,こ,こ,ろ,の,あ,き,に,な,り,ぬ,れ,は,す,へ,て,は,ひ,と,そ,み,え,わ,た,り,け,る
お,ほ,か,た,の,あ,き,を,あ,は,れ,と,み,る,こ,と,も,あ,て,な,る,ひ,と,は,し,ら,す,そ,あ,り,け,る
つ,ね,よ,り,も,あ,き,の,こ,の,は,は,お,つ,ら,む,に,く,れ,な,ゐ,ふ,か,く,み,え,わ,た,る,か,な
か,す,か,な,る,く,さ,の,は,み,ゆ,る,あ,き,の,に,は,も,の,お,も,ふ,こ,と,そ,す,く,な,か,り,け,る
す,き,て,ゆ,く,あ,き,の,か,な,し,く,み,え,つ,る,は,お,い,な,む,こ,と,を,お,も,ふ,な,り,け,り
も,み,ち,は,の,い,ろ,く,れ,な,ゐ,に,み,え,つ,る,は,な,く,せ,み,の,み,や,な,く,な,り,ぬ,ら,む
あ,き,の,よ,を,さ,の,み,な,き,つ,る,む,し,の,ね,は,わ,か,や,と,に,こ,そ,あ,ま,た,き,こ,ゆ,れ
ゆ,く,か,り,の,あ,き,す,き,か,た,に,ひ,と,り,ゐ,て,と,も,に,お,く,れ,て,な,き,わ,た,る,か,な
ふ,く,か,せ,の,お,と,た,か,く,の,み,き,こ,ゆ,る,は,お,く,つ,ゆ,か,た,て,さ,む,く,も,あ,る,か,な
こ,の,は,み,な,か,ら,く,れ,な,ゐ,に,つ,つ,る,と,て,し,も,の,ま,ま,に,も,お,き,ま,さ,る,か,な
あ,き,の,よ,を,さ,む,み,な,き,つ,つ,ゆ,く,か,り,の,つ,ゆ,を,の,み,ま,て,た,ち,か,へ,る,ら,む
し,の,の,め,に,お,く,し,ら,つ,ゆ,の,さ,む,け,れ,は,た,た,ひ,と,り,し,て,せ,み,の,な,く,ら,む
あ,き,の,よ,を,か,り,は,な,き,つ,つ,す,く,れ,と,も,ま,つ,こ,と,つ,て,は,み,ゆ,る,よ,も,な,し
そ,ら,に,か,り,と,ふ,こ,と,は,や,く,み,え,し,よ,り,あ,き,は,か,き,り,と,お,も,ひ,し,り,け,り
な,く,か,り,の,こ,ゑ,た,に,そ,ら,に,き,こ,え,な,は,た,ひ,な,る,ひ,と,は,お,も,ひ,ま,さ,り,ぬ
な,く,せ,み,の,こ,ゑ,た,か,く,の,み,き,こ,ゆ,る,は,の,き,ふ,く,か,せ,の,あ,き,そ,し,る,ら,し
い,つ,し,か,と,は,る,を,む,か,ふ,る,あ,し,た,に,は,ま,つ,よ,き,か,せ,の,ふ,く,そ,う,れ,し,き
さ,よ,ふ,け,て,な,ほ,ね,ら,れ,ね,は,は,る,か,せ,の,ふ,き,つ,る,こ,と,も,お,も,ほ,え,ぬ,か,な
ひ,と,と,せ,に,ふ,ゆ,く,る,と,し,は,け,ふ,そ,し,る,ふ,し,お,き,て,み,れ,と,あ,か,し,か,た,さ,に
も,の,を,お,も,ふ,こ,こ,ろ,は,こ,ひ,に,く,た,く,れ,と,あ,つ,き,お,き,に,は,お,よ,は,さ,り,け,り
わ,か,か,み,の,み,な,し,ら,ゆ,き,に,な,り,ゆ,け,は,お,け,る,し,も,に,も,お,と,ら,さ,り,け,り
と,し,こ,と,に,か,そ,へ,こ,し,ま,に,は,か,な,く,て,ひ,と,は,お,い,ぬ,る,も,の,に,そ,あ,り,け,る
あ,く,ま,て,に,み,て,な,さ,け,ら,に,さ,む,き,に,は,ひ,と,の,み,ま,し,に,あ,た,た,ま,り,け,り
お,い,ぬ,れ,は,あ,は,は,や,さ,め,て,と,と,な,し,に,よ,は,に,す,く,れ,は,ね,て,の,み,そ,ふ,る
ひ,と,こ,と,に,ま,た,お,く,し,も,の,さ,む,け,れ,は,く,さ,は,を,た,に,そ,か,ら,せ,さ,り,け,り
ひ,と,り,ゐ,て,も,ゆ,る,ほ,の,ほ,に,む,か,へ,は,や,の,き,を,と,も,な,き,み,と,そ,な,り,ぬ,る
か,く,は,か,り,お,い,ぬ,と,お,も,へ,は,い,ま,さ,ら,に,ひ,か,り,の,す,く,る,か,け,も,を,し,ま,す
か,さ,さ,き,の,み,ね,と,ひ,わ,け,て,と,ひ,ゆ,け,は,み,や,ま,か,く,る,る,つ,き,か,と,そ,み,る
く,も,は,れ,て,き,よ,き,つ,き,か,け,け,ふ,な,ら,す,あ,ら,む,か,き,り,は,を,し,み,こ,そ,せ,ぬ
わ,か,れ,て,の,の,ち,は,し,ら,ぬ,を,い,か,な,ら,む,と,き,に,か,ひ,と,の,あ,は,む,と,す,ら,む
そ,こ,ひ,な,く,も,の,を,そ,お,も,ふ,あ,か,て,の,み,わ,か,れ,し,も,の,を,お,も,ふ,わ,か,み,は
よ,の,な,か,を,お,も,ひ,し,り,ぬ,る,こ,こ,ろ,こ,そ,み,よ,り,も,す,き,て,お,も,ひ,し,り,け,れ
こ,こ,ろ,を,し,あ,ま,の,う,け,ら,に,な,し,つ,れ,は,な,か,る,る,み,つ,に,し,つ,ま,さ,り,け,り
は,か,な,く,て,な,に,も,わ,か,み,の,ひ,と,り,し,て,あ,し,た,ゆ,ふ,へ,に,し,け,く,か,る,ら,む
し,た,な,く,て,そ,ら,に,う,か,へ,る,こ,こ,ろ,こ,そ,ゆ,め,み,る,よ,り,も,は,か,な,か,り,け,れ
わ,か,み,を,は,う,か,へ,る,く,も,に,な,さ,さ,ら,は,ゆ,く,か,た,も,な,く,は,か,な,か,ら,ま,し
ま,ほ,ろ,し,の,ほ,と,と,し,り,ぬ,る,こ,こ,ろ,に,は,は,る,く,る,ゆ,め,と,お,も,ほ,ゆ,る,か,な
か,り,そ,め,に,し,は,し,う,か,へ,る,と,も,し,ひ,の,み,な,あ,わ,と,の,み,た,と,へ,ら,れ,け,る
く,ろ,か,み,の,し,ろ,く,に,は,か,に,な,り,ぬ,れ,は,は,る,の,は,な,と,も,み,え,わ,た,り,け,る
わ,れ,か,み,も,は,る,の,か,き,り,に,ひ,と,し,ら,は,く,さ,き,な,る,と,て,お,も,ひ,し,り,な,む
ゆ,め,に,て,も,う,れ,し,き,こ,と,を,み,る,と,き,は,た,た,に,う,れ,ふ,る,み,に,は,ま,さ,れ,り
は,る,こ,と,に,あ,ひ,て,も,あ,か,ぬ,こ,こ,ろ,か,な,は,な,ゆ,き,と,の,み,ふ,り,ま,か,ひ,つ,つ
は,る,の,み,や,は,な,は,さ,く,ら,む,た,に,さ,む,み,う,も,る,る,く,さ,は,ひ,か,り,を,も,み,す
し,ら,な,み,の,た,ち,か,へ,り,く,る,か,す,よ,り,も,わ,か,み,を,な,け,く,こ,と,は,ま,さ,れ,り
あ,し,た,つ,の,ひ,と,り,お,く,れ,て,な,く,こ,ゑ,は,く,も,の,う,へ,ま,て,き,こ,え,つ,る,か,な
あ,ま,く,も,の,み,を,か,く,す,ら,む,ひ,の,ひ,か,り,わ,か,み,く,ら,せ,と,み,る,よ,し,も,な,し
お,も,ふ,こ,と,な,く,う,く,ひ,す,か,つ,け,た,ら,は,い,ろ,も,か,は,ら,ぬ,わ,か,み,と,や,み,む
ほ,と,と,き,す,さ,つ,き,な,ら,ね,と,な,き,に,け,る,は,か,な,く,は,る,を,す,く,し,き,ぬ,ら,む
わ,か,の,う,ら,に,し,ほ,み,ち,く,れ,は,か,た,を,な,み,あ,し,へ,を,さ,し,て,た,つ,な,き,わ,た,る
は,る,の,の,に,あ,さ,る,き,き,す,の,つ,ま,こ,ひ,に,お,の,か,あ,り,か,を,ひ,と,に,し,れ,つ,つ
ひ,さ,か,た,の,あ,ま,の,は,や,ま,に,こ,の,ゆ,ふ,へ,か,す,み,た,な,ひ,く,は,る,た,ち,く,ら,し
あ,つ,さ,ゆ,み,は,る,や,ま,ち,か,く,や,と,り,せ,は,つ,き,て,き,く,ら,む,う,く,ひ,す,の,こ,ゑ
う,ち,な,ひ,き,は,る,さ,り,く,れ,は,し,か,す,か,に,そ,ら,く,も,り,あ,ひ,ゆ,き,は,ふ,り,つ,つ
い,に,し,へ,の,ひ,と,の,う,ゑ,け,む,す,き,の,は,に,か,す,み,た,な,ひ,く,は,る,は,き,に,け,り
こ,ら,か,て,を,ま,き,も,く,や,ま,に,は,る,さ,れ,は,こ,の,は,し,の,き,て,か,す,み,た,な,ひ,く
は,る,か,す,み,な,か,る,る,と,も,に,あ,を,や,き,の,え,た,く,ひ,も,ち,て,う,く,ひ,す,な,き,ぬ
か,け,ろ,ふ,の,ゆ,ふ,さ,り,く,れ,は,か,り,ひ,と,の,ゆ,み,い,る,か,た,に,か,す,み,た,な,ひ,く
む,ら,さ,き,の,ね,は,ふ,よ,こ,の,の,は,る,の,の,に,き,み,を,こ,ひ,け,る,う,く,ひ,す,そ,な,く
わ,か,せ,こ,を,な,ら,し,の,や,ま,の,よ,ふ,こ,と,り,き,み,よ,ひ,か,へ,せ,よ,の,ふ,け,ぬ,と,に
あ,さ,こ,と,に,き,て,な,く,こ,と,り,な,れ,た,に,も,き,み,に,こ,ふ,ら,し,と,こ,な,つ,に,な,く
は,る,な,れ,や,つ,ま,や,も,と,む,る,う,く,ひ,す,の,こ,す,ゑ,を,つ,た,ひ,な,き,つ,つ,そ,ふ,る
か,す,か,な,る,は,る,ひ,や,ま,よ,り,さ,ほ,の,う,へ,さ,し,て,ゆ,く,な,る,よ,ふ,こ,と,り,そ,も
こ,た,へ,ぬ,に,よ,ひ,な,を,か,し,そ,よ,ふ,こ,と,り,さ,ほ,の,や,ま,へ,を,の,ほ,り,く,た,り,に
あ,さ,つ,ゆ,に,し,と,と,に,ぬ,れ,て,き,な,む,と,り,か,み,や,ま,よ,り,も,な,き,わ,た,る,な,り
い,ま,さ,ら,に,ゆ,き,ふ,ら,め,や,は,か,け,ろ,ふ,の,も,ゆ,る,は,る,へ,と,な,り,に,し,も,の,を
ふ,ふ,き,つ,つ,ゆ,き,は,ふ,れ,と,も,し,か,す,か,に,か,す,み,た,な,ひ,く,は,る,は,き,ぬ,ら,し
や,ま,き,は,に,う,く,ひ,す,な,き,つ,う,ち,な,ひ,き,は,る,と,お,も,へ,は,ゆ,き,ふ,り,し,き,ぬ
み,ね,の,う,へ,に,ふ,り,お,く,お,と,は,か,せ,の,お,と,お,と,に,ち,る,ら,し,は,る,は,あ,り,と,も
き,み,か,た,め,や,ま,た,の,さ,は,に,ゑ,く,つ,む,と,ゆ,き,け,の,み,つ,に,も,す,そ,ぬ,ら,し,つ
う,め,か,え,に,な,き,て,う,つ,ろ,ふ,う,く,ひ,す,の,は,ね,し,ろ,た,へ,に,あ,は,ゆ,き,そ,ふ,る
や,ま,た,か,み,ふ,り,く,る,ゆ,き,を,う,め,の,は,な,ち,り,か,も,く,る,と,お,も,ひ,け,る,か,な
き,の,ふ,こ,そ,と,し,は,く,れ,し,か,は,る,か,す,み,か,す,か,の,や,ま,に,は,や,た,ち,に,け,り
ふ,ゆ,す,き,て,は,る,は,き,ぬ,ら,し,あ,さ,ひ,さ,す,し,か,の,や,ま,へ,に,か,す,み,た,な,ひ,く
あ,つ,さ,ゆ,み,は,る,に,な,る,ら,し,か,す,か,や,ま,か,す,み,た,な,ひ,く,よ,め,に,み,れ,と,も
う,く,ひ,す,の,こ,つ,た,ふ,え,た,の,う,つ,り,か,は,さ,く,ら,の,は,な,の,と,き,か,た,ま,け,ぬ
し,も,か,れ,の,な,か,の,や,な,き,は,み,る,ひ,と,も,か,つ,ら,に,す,へ,く,お,も,ほ,ゆ,る,か,も
あ,さ,み,と,り,そ,め,か,け,た,り,と,み,る,ま,て,に,は,る,の,や,な,き,は,も,え,に,け,る,か,な
や,ま,も,と,に,ゆ,き,は,ふ,り,つ,つ,し,か,す,か,に,こ,の,か,は,や,な,き,も,え,に,け,る,か,な
あ,を,や,き,の,い,と,の,ほ,そ,き,を,は,る,か,せ,に,み,た,れ,む,い,ろ,に,み,せ,む,こ,も,か,も
う,め,の,は,な,を,り,も,て,み,れ,は,わ,か,や,と,の,や,な,き,の,ま,ゆ,も,あ,は,れ,な,る,か,な
さ,く,ら,は,な,と,き,は,す,き,ね,と,う,く,ひ,す,の,こ,ひ,せ,さ,る,ね,は,い,ま,や,な,く,ら,む
わ,か,さ,と,の,や,な,き,の,い,と,を,ふ,き,み,た,る,か,せ,に,や,い,も,か,う,め,の,ち,る,ら,む
と,し,こ,と,に,う,め,は,さ,け,と,も,う,つ,せ,み,の,よ,に,わ,れ,し,も,そ,は,る,な,か,り,け,り
う,ち,つ,け,に,と,は,お,も,へ,と,も,は,し,め,て,も,ま,つ,み,ま,ほ,し,き,さ,く,ら,は,な,か,な
あ,し,ひ,き,の,や,ま,の,は,て,ら,す,さ,く,ら,は,な,こ,の,は,る,さ,め,に,ち,り,に,け,る,か,な
あ,の,や,ま,の,さ,く,ら,の,は,な,は,け,ふ,も,か,も,て,り,み,た,る,ら,む,み,る,ひ,と,な,し,に
う,ち,な,ひ,き,は,る,た,ち,ぬ,ら,し,や,ま,も,と,の,わ,か,き,の,す,ゑ,に,さ,き,ち,る,み,れ,は
か,は,つ,な,く,よ,し,の,の,か,は,の,た,き,の,う,へ,に,あ,せ,み,の,は,な,そ,さ,き,て,あ,た,な,る
は,る,の,き,し,な,る,た,き,も,と,に,さ,く,ら,は,な,ち,り,ぬ,へ,ら,な,る,み,る,ひ,と,も,か,も
は,る,さ,め,は,い,た,く,な,ふ,り,そ,さ,く,ら,は,な,ま,た,み,ぬ,ひ,と,に,ち,ら,ま,く,も,を,し
は,る,さ,め,に,あ,ら,そ,ひ,か,ね,て,わ,か,や,と,の,さ,く,ら,の,は,な,は,さ,き,そ,め,に,け,り
は,る,の,の,に,す,み,れ,つ,み,に,と,こ,し,わ,れ,そ,の,を,な,つ,か,し,み,ひ,と,よ,ね,に,け,る
い,つ,し,か,も,こ,よ,ひ,あ,け,な,む,う,く,ひ,す,の,こ,つ,た,ひ,ち,ら,す,う,め,の,は,な,み,む
み,わ,た,せ,は,か,す,か,の,の,へ,に,か,す,み,た,ち,ひ,ら,く,る,は,な,は,さ,く,ら,は,な,か,も
の,と,か,は,の,み,な,そ,こ,さ,へ,に,て,る,ま,て,に,み,か,さ,の,や,ま,は,さ,き,に,け,る,か,な
ゆ,き,み,れ,は,ま,た,ふ,ゆ,な,る,を,し,か,す,か,に,は,る,か,す,み,た,ち,ゆ,き,は,ふ,り,つ,つ
こ,そ,さ,き,し,く,さ,き,い,ま,さ,く,い,た,つ,ら,に,つ,ち,に,や,ち,ら,む,み,る,ひ,と,な,し,に
あ,さ,か,す,み,み,る,ひ,く,れ,な,は,こ,の,ま,よ,り,う,つ,ろ,ふ,つ,き,を,い,つ,か,た,の,ま,む
は,る,か,す,み,た,な,ひ,く,け,ふ,の,ゆ,ふ,つ,く,よ,き,よ,く,て,る,ら,む,た,か,ま,と,の,や,ま
は,る,さ,れ,は,こ,か,く,れ,お,ほ,み,ゆ,ふ,つ,く,よ,お,ほ,つ,か,な,し,や,は,な,の,か,け,に,し,て
は,る,さ,め,に,あ,り,け,る,も,の,を,た,ち,か,く,れ,い,も,か,い,へ,ち,に,こ,の,ひ,く,ら,し,つ
か,す,か,の,に,け,ふ,り,た,つ,め,り,や,を,か,し,は,は,る,の,お,ほ,き,ふ,あ,め,の,ふ,る,ら,む
は,る,の,の,に,こ,こ,ろ,の,へ,む,と,お,も,ふ,と,ち,こ,し,け,ふ,の,ひ,は,く,れ,す,も,あ,ら,な,む
も,も,し,き,の,お,ほ,み,や,ひ,と,は,い,と,ま,あ,れ,や,う,め,を,か,さ,し,て,こ,こ,に,つ,と,へ,る
す,み,よ,し,の,さ,と,ゆ,き,し,か,は,は,つ,は,な,の,ま,れ,に,み,む,き,み,に,わ,れ,あ,へ,る,か,も
か,す,か,な,る,み,か,さ,の,や,ま,の,つ,き,も,い,て,ぬ,か,も,せ,き,や,ま,に,さ,け,る,さ,く,ら,の,は,な,も,み,る,へ,く
ふ,ゆ,は,す,き,は,る,は,き,ぬ,れ,と,と,し,つ,き,は,あ,ら,た,ま,れ,と,も,ひ,と,は,ふ,り,ゆ,く
は,る,や,ま,に,ゐ,る,う,く,ひ,す,の,あ,ひ,わ,か,れ,か,へ,り,ま,つ,ま,の,お,も,ひ,す,る,に,も
わ,か,や,と,の,は,る,さ,く,は,な,の,と,し,こ,と,に,お,も,ひ,ま,す,と,も,わ,す,れ,め,や,わ,れ
う,め,の,は,な,さ,き,ち,る,の,へ,に,わ,れ,ゆ,か,む,い,も,か,つ,か,ひ,は,わ,れ,て,ま,つ,ら,む
は,る,の,の,に,か,す,み,た,な,ひ,く,さ,く,ら,は,な,う,ち,ち,る,ま,て,に,あ,は,ぬ,き,み,か,な
わ,か,せ,こ,を,わ,か,こ,ふ,ら,く,は,お,く,や,ま,の,あ,せ,み,の,は,な,の,い,ま,さ,か,り,な,り
う,め,の,は,な,し,た,り,や,な,き,に,を,り,ま,せ,て,は,る,に,そ,ふ,る,は,き,み,に,あ,る,ら,む
を,み,な,へ,し,さ,く,の,へ,に,お,ふ,る,し,ら,つ,つ,し,し,ら,ぬ,こ,と,も,て,い,ひ,し,わ,か,こ,と
は,る,た,て,は,く,さ,き,の,う,へ,に,お,く,し,も,の,き,え,つ,つ,わ,れ,は,こ,ひ,や,わ,た,ら,む
は,る,か,す,み,や,ま,に,た,な,ひ,き,か,く,す,い,も,も,あ,ひ,み,て,の,ち,そ,こ,ひ,し,か,り,け,る
は,る,か,す,み,た,ち,に,し,ひ,よ,り,け,ふ,ま,て,に,わ,か,こ,ひ,や,ま,す,ひ,と,め,し,け,き,に
あ,を,つ,つ,ら,い,も,を,た,つ,ぬ,と,は,る,の,ひ,の,か,す,み,た,ち,ま,ふ,け,ふ,し,く,ら,し,つ
み,わ,た,せ,は,か,す,か,の,の,へ,に,た,つ,か,す,み,み,ま,く,の,ほ,し,き,き,み,か,あ,た,り,を
あ,や,し,き,は,わ,か,や,と,に,の,み,た,つ,か,す,み,た,て,れ,ぬ,る,と,て,き,み,か,こ,こ,ろ,に
こ,ひ,つ,つ,も,け,ふ,は,く,ら,し,つ,か,す,み,た,ち,あ,す,の,は,る,ひ,を,い,か,か,く,ら,さ,む
わ,か,せ,こ,に,こ,ひ,て,す,へ,な,き,は,る,さ,め,の,ふ,る,わ,き,し,ら,す,い,て,て,く,る,か,も
は,る,た,て,は,し,け,し,わ,か,こ,ひ,わ,た,つ,み,の,た,つ,し,ら,な,み,に,ち,へ,そ,ま,さ,れ,る
お,ほ,つ,か,な,き,み,に,あ,ひ,み,て,す,か,の,ね,の,な,か,き,は,る,ひ,を,こ,ひ,わ,た,る,か,な
い,ま,さ,ら,に,き,み,は,よ,に,こ,し,は,る,さ,め,の,こ,こ,ろ,を,ひ,と,の,し,ら,さ,ら,な,く,に
は,る,さ,め,に,こ,こ,ろ,も,ひ,と,も,か,よ,は,む,や,な,ぬ,か,し,ふ,ら,は,な,ぬ,か,こ,し,と,や
う,め,の,は,な,ち,ら,す,は,る,さ,め,お,ほ,く,ふ,る,た,ひ,に,や,き,み,か,い,へ,ゐ,せ,る,ら,む
し,ら,ま,ゆ,み,い,ま,は,る,の,の,に,ゆ,く,く,も,の,ゆ,き,や,わ,か,れ,む,こ,ひ,し,き,も,の,を
ま,す,ら,を,か,ふ,し,ゐ,な,け,き,て,つ,く,り,た,る,し,た,り,や,な,き,の,か,つ,ら,せ,よ,い,も
う,め,の,は,な,さ,き,て,ち,り,な,は,わ,か,い,も,を,と,く,み,に,こ,む,と,わ,か,ま,つ,の,き,そ
あ,さ,と,あ,け,て,き,み,か,す,か,た,を,よ,く,み,す,は,な,か,き,は,る,ひ,を,こ,ひ,や,わ,た,ら,む
は,る,や,ま,の,あ,せ,み,の,は,な,の,に,く,か,ら,ぬ,き,み,に,は,し,め,や,よ,か,れ,は,こ,ひ,し
い,そ,の,か,み,ふ,る,の,や,し,ろ,の,す,き,に,し,を,わ,れ,さ,ら,さ,ら,に,こ,ひ,に,あ,ひ,け,り
さ,の,か,た,は,み,に,な,ら,す,と,て,は,な,に,の,み,さ,き,て,な,み,え,そ,こ,ひ,の,さ,く,ら,を
さ,の,か,た,は,み,に,な,り,に,し,を,い,ま,さ,ら,に,は,る,さ,め,ふ,り,て,は,な,さ,か,む,や,は
あ,つ,さ,ゆ,み,ひ,き,つ,へ,き,や,は,な,つ,く,さ,の,は,な,さ,か,ぬ,ま,て,あ,は,ぬ,き,み,か,な
か,は,か,み,の,い,つ,も,の,は,な,の,い,つ,も,い,つ,も,き,ま,せ,わ,か,せ,こ,た,え,す,ま,つ,は,た
は,る,さ,め,の,や,ま,す,ふ,り,お,ち,て,わ,か,こ,ふ,る,わ,か,い,も,ひ,さ,に,あ,は,ぬ,こ,ろ,か,な
わ,き,も,こ,を,こ,ひ,つ,つ,を,れ,は,は,る,さ,め,の,た,れ,も,る,と,て,か,や,ま,す,ふ,り,つ,つ
は,る,く,れ,は,ま,つ,な,く,と,り,の,う,く,ひ,す,の,こ,と,さ,き,た,ち,し,き,み,を,し,ま,た,む
あ,ひ,お,も,は,ぬ,ひ,と,を,や,つ,ね,に,す,か,の,ね,の,な,か,き,は,る,ひ,を,た,ち,や,く,ら,さ,む
あ,ひ,お,も,は,す,あ,ら,む,か,ゆ,ゑ,に,た,ま,の,を,の,な,か,き,は,る,ひ,を,な,け,き,く,ら,し,つ
は,る,か,す,み,た,な,ひ,く,の,へ,に,わ,か,ひ,け,る,つ,な,は,ま,を,つ,な,た,え,む,と,お,も,ふ,な
ま,す,ら,を,の,そ,て,た,ち,む,か,ひ,し,め,し,の,の,か,み,な,ひ,や,ま,に,な,く,ほ,と,と,き,す
た,ひ,に,し,て,つ,ま,こ,ひ,す,ら,し,ほ,と,と,き,す,か,み,な,ひ,や,ま,に,さ,よ,ふ,け,て,な,く
ほ,と,と,き,す,な,く,は,つ,こ,ゑ,は,わ,れ,き,か,む,さ,つ,き,の,た,ま,に,ま,き,て,ぬ,き,て,む
あ,さ,き,り,の,た,な,ひ,く,の,へ,の,あ,し,ひ,き,の,や,ま,ほ,と,と,き,す,い,つ,き,て,か,な,く
ふ,ち,な,み,の,ち,ら,ま,く,を,し,き,ほ,と,と,き,す,い,ま,き,の,を,か,に,な,き,て,こ,ゆ,ら,む
あ,さ,き,り,の,や,へ,や,ま,こ,え,て,ほ,と,と,き,す,う,の,は,な,か,く,れ,な,き,こ,え,く,な,り
こ,か,く,れ,て,い,ま,そ,き,く,な,る,ほ,と,と,き,す,な,き,ひ,ひ,か,し,て,こ,ゑ,ま,さ,る,ら,む
あ,ひ,か,た,き,き,み,に,あ,へ,る,と,き,ほ,と,と,き,す,こ,と,と,き,よ,り,は,い,ま,こ,そ,な,か,め
こ,か,く,れ,て,ゆ,ふ,く,れ,な,る,を,ほ,と,と,き,す,い,つ,こ,を,い,つ,と,な,き,わ,た,る,ら,む
つ,き,き,よ,み,な,く,ほ,と,と,き,す,み,む,と,お,も,ふ,わ,か,こ,こ,ろ,の,こ,と,み,む,ひ,と,も,か,な
ほ,と,と,き,す,け,さ,の,あ,さ,き,り,な,き,く,る,を,き,み,は,え,き,か,す,い,や,は,ね,つ,ら,む
ほ,と,と,き,す,は,な,た,ち,は,な,の,え,た,に,ゐ,て,な,き,し,ひ,ひ,け,は,は,な,は,ち,り,つ,つ
さ,つ,き,や,ま,う,の,は,な,つ,く,よ,ほ,と,と,き,す,な,け,と,も,あ,か,す,ま,た,も,な,か,な,む
よ,ひ,の,ま,に,お,ほ,つ,か,な,き,を,ほ,と,と,き,す,な,く,な,る,ほ,と,の,お,と,の,は,る,け,き
う,の,は,な,の,さ,く,ま,て,を,し,き,ほ,と,と,き,す,の,に,て,や,ま,に,て,を,れ,よ,と,そ,お,も,ふ
や,ま,と,に,は,な,き,て,ま,つ,ら,む,ほ,と,と,き,す,な,か,な,か,こ,と,の,な,き,も,お,も,ほ,ゆ
も,の,お,も,ふ,と,ね,さ,る,あ,さ,け,に,ほ,と,と,き,す,わ,か,こ,ろ,も,て,に,な,き,し,を,り,つ,つ
こ,む,ひ,と,と,ほ,と,と,き,す,を,や,ま,れ,に,み,む,い,ま,や,は,か,く,る,こ,ひ,つ,つ,を,れ,は
た,ち,は,な,の,は,や,し,を,う,ゑ,む,ほ,と,と,き,す,つ,ね,に,ふ,ゆ,ま,て,す,み,わ,た,る,へ,く
あ,ま,は,れ,の,く,も,ま,に,た,く,ふ,ほ,と,と,き,す,こ,す,ゑ,を,さ,し,て,い,ま,な,き,わ,た,る
か,く,は,か,り,あ,め,の,ふ,る,を,や,ほ,と,と,き,す,う,の,は,な,や,ま,に,な,ほ,や,な,く,ら,む
た,た,な,ら,む,を,り,に,な,か,な,む,う,つ,せ,み,の,も,の,お,も,ふ,と,き,に,な,き,つ,つ,は,を,る
お,も,は,し,の,こ,こ,ろ,も,あ,き,に,に,ほ,ひ,ぬ,と,し,ま,の,は,し,は,み,あ,き,た,た,ね,と,も
か,せ,に,ち,る,は,な,た,ち,は,な,を,て,に,う,け,て,き,み,か,み,た,め,と,お,も,ひ,つ,る,か,な
か,く,は,し,き,は,な,た,ち,は,な,を,き,ぬ,に,ぬ,ひ,お,ち,こ,む,い,も,を,い,つ,か,と,ま,た,む
ほ,と,と,き,す,な,き,て,ひ,ひ,か,は,た,ち,は,な,の,は,な,ち,る,や,と,に,く,る,ひ,と,や,た,れ
わ,か,や,と,の,は,な,た,ち,は,な,は,ち,り,に,け,り,く,や,し,き,こ,と,に,あ,へ,る,き,み,か,も
の,へ,み,れ,は,な,て,し,こ,の,は,な,ち,り,に,け,り,わ,か,ま,つ,あ,き,は,ち,か,つ,き,に,け,り
わ,き,も,こ,に,あ,ふ,ち,の,は,な,は,ち,り,に,け,り,き,て,い,も,さ,け,る,こ,と,あ,り,と,き,く
か,す,か,の,の,ふ,ち,は,ち,り,に,き,な,に,を,か,も,み,か,り,の,ひ,と,の,を,り,て,か,さ,さ,む
と,き,な,ら,て,た,ま,を,そ,ぬ,け,る,う,の,は,な,の,あ,か,つ,き,は,ま,た,ひ,さ,し,か,る,へ,し
う,の,は,な,の,さ,け,る,か,き,ほ,に,ほ,と,と,き,す,な,き,て,そ,わ,た,る,ひ,と,は,き,き,つ,や
き,き,つ,や,と,わ,か,こ,ひ,つ,る,を,ほ,と,と,き,す,さ,ら,に,な,れ,つ,つ,い,ま,な,き,わ,た,る
ひ,と,こ,と,は,な,つ,の,の,く,さ,の,し,け,く,と,も,い,も,と,わ,れ,と,し,た,つ,さ,は,り,な,は
こ,の,こ,ろ,の,こ,ひ,の,し,け,ら,く,な,つ,く,さ,の,か,り,は,は,つ,と,も,お,ひ,い,つ,る,こ,と
た,く,ひ,あ,ら,は,ね,な,つ,の,し,け,み,う,ち,は,ら,ふ,ひ,と,わ,か,い,の,ち,つ,ね,な,ら,め,や,は
わ,れ,の,み,や,か,く,こ,ひ,す,ら,む,か,き,つ,は,た,つ,く,と,ふ,い,も,は,い,か,か,あ,る,ら,む
た,ち,は,な,の,は,な,ち,る,さ,と,に,か,よ,ひ,な,は,や,ま,ほ,と,と,き,す,ひ,ひ,か,さ,ら,む,か
な,つ,な,れ,は,す,こ,く,な,く,な,る,ほ,と,と,き,す,ほ,と,ほ,と,い,も,に,あ,は,て,き,に,け,り
さ,つ,き,や,み,は,な,た,ち,は,な,に,ほ,と,と,き,す,か,け,そ,ふ,と,き,に,あ,く,る,き,み,か,な
か,た,よ,り,に,い,と,を,こ,そ,よ,れ,わ,か,せ,こ,か,は,な,た,ち,は,な,を,ぬ,か,む,と,お,も,ひ,て
ほ,と,と,き,す,か,よ,ふ,か,き,ね,の,う,の,は,な,の,う,き,こ,と,あ,り,や,き,み,か,き,ま,さ,ぬ
う,の,は,な,の,さ,く,と,は,な,し,に,あ,た,ひ,と,の,こ,ひ,わ,た,る,ら,む,か,た,お,も,ひ,に,し,て
わ,れ,こ,そ,は,さ,て,し,も,あ,ら,め,わ,か,や,と,の,は,な,た,ち,は,な,を,み,に,は,こ,し,と,や
ひ,と,し,れ,す,こ,ふ,れ,は,く,る,し,な,て,し,こ,の,は,な,に,さ,き,て,よ,あ,さ,な,あ,さ,な,み,む
な,つ,く,さ,の,つ,ゆ,わ,け,こ,ろ,も,ま,た,き,ぬ,に,わ,か,こ,ろ,も,て,は,ひ,る,よ,し,も,な,し
み,な,つ,き,の,つ,ち,さ,へ,さ,け,て,て,る,ひ,た,に,わ,か,そ,て,ひ,め,や,い,も,に,あ,は,す,て
あ,ま,の,か,は,み,な,そ,こ,ま,て,に,て,ら,す,ふ,ね,つ,ひ,に,ふ,な,ひ,と,い,も,と,み,え,つ,や
ひ,さ,か,た,の,あ,ま,の,か,は,ら,に,ぬ,る,と,り,の,う,ら,ひ,れ,を,り,つ,く,る,し,き,ま,て,に
わ,か,こ,ふ,る,い,も,は,は,る,か,に,ゆ,く,ふ,ね,の,す,き,て,く,へ,し,や,こ,と,も,つ,け,な,む
お,ほ,そ,ら,に,た,な,ひ,く,あ,め,の,か,す,み,れ,は,ひ,と,の,つ,ま,さ,へ,い,も,に,あ,ひ,ぬ,へ,し
あ,ま,の,か,は,や,す,の,か,は,ら,に,ふ,ね,う,け,て,あ,き,に,ま,つ,と,は,い,も,に,つ,け,よ,と,て
そ,ら,よ,り,も,か,よ,ふ,わ,れ,す,ら,た,れ,ゆ,ゑ,に,あ,ま,の,か,は,み,ち,な,け,き,て,そ,く,る
や,ち,ほ,こ,の,か,み,の,み,よ,よ,り,い,も,も,な,き,ひ,と,し,し,ら,せ,し,き,た,り,つ,け,け,む
わ,か,こ,ひ,に,ほ,に,あ,け,て,み,む,こ,よ,ひ,わ,か,あ,ま,の,つ,は,し,の,い,み,か,し,ま,や,と
お,の,か,ひ,も,な,か,き,と,は,き,き,つ,て,に,ま,き,て,ま,た,き,て,ね,よ,き,み,ま,さ,に,と,か,な,し
な,か,ら,ふ,る,い,も,か,す,か,た,は,あ,く,ま,て,に,そ,て,ふ,り,み,え,つ,く,も,か,く,る,ま,て
ゆ,ふ,つ,つ,の,か,よ,ふ,そ,ら,ま,て,い,つ,と,て,か,あ,ふ,き,て,ま,た,む,つ,き,ひ,と,を,と,こ
あ,ま,の,か,は,み,つ,く,も,り,く,さ,ふ,く,か,せ,に,な,ひ,く,と,み,れ,は,あ,き,は,き,に,け,り
わ,か,ま,ち,し,あ,き,は,き,さ,き,ぬ,い,ま,た,に,も,に,ほ,ひ,に,ゆ,か,む,を,ち,か,た,ひ,と,に
わ,か,せ,こ,に,う,ら,ひ,れ,を,れ,は,あ,ま,の,か,は,ふ,ね,こ,き,い,た,す,か,ち,こ,ゑ,き,こ,ゆ
あ,ま,の,か,は,そ,こ,の,わ,た,り,の,う,つ,ろ,へ,は,か,は,ら,を,ゆ,く,に,よ,そ,ふ,け,に,け,る
む,か,し,よ,り,あ,け,て,こ,ろ,も,を,か,へ,さ,ね,は,あ,ま,の,か,は,ふ,ね,う,か,ひ,あ,け,ぬ,ら,む
と,ほ,き,い,も,と,た,ま,く,ら,や,す,く,ね,ぬ,る,よ,は,に,は,と,り,な,く,な,あ,け,は,す,く,と,も
あ,ひ,み,ま,く,あ,れ,と,も,あ,か,す,し,の,の,め,の,あ,け,に,け,ら,し,な,ふ,な,て,せ,む,い,も
よ,ろ,つ,よ,を,た,つ,さ,は,り,ゐ,て,あ,ひ,み,む,と,お,も,ふ,へ,し,や,は,こ,ひ,な,ら,な,く,に
よ,ろ,つ,よ,を,へ,た,つ,る,つ,き,か,く,も,か,く,れ,く,る,し,き,も,の,そ,あ,は,む,と,お,も,ふ,は
し,ら,く,も,を,い,く,よ,へ,た,て,て,と,ほ,く,と,も,よ,ふ,さ,を,そ,み,む,い,も,か,あ,た,り,を
わ,か,た,め,と,た,な,は,た,つ,め,の,そ,の,や,と,に,お,る,し,ら,ぬ,の,は,お,ひ,と,か,し,か,も
き,み,に,あ,は,て,ひ,さ,し,く,な,り,ぬ,お,ひ,に,せ,し,し,ろ,た,へ,こ,ろ,も,あ,か,つ,く,ま,て,に
あ,ま,の,か,は,か,ち,お,と,き,こ,ゆ,ひ,こ,ほ,し,の,た,な,は,た,つ,め,と,け,ふ,や,あ,ふ,ら,し
あ,ま,の,か,は,や,す,の,か,は,ら,に,さ,た,ま,り,て,か,か,る,わ,か,れ,は,と,く,と,ま,た,な,む
た,な,は,た,の,い,ほ,は,た,た,て,て,お,る,ぬ,の,は,あ,き,ま,つ,こ,ろ,も,た,れ,か,と,め,き,む
と,し,に,あ,り,て,い,も,か,ま,た,な,む,う,は,た,ま,の,よ,る,よ,り,く,も,る,と,ほ,き,わ,た,り,は
わ,か,ま,ち,し,あ,き,は,き,た,り,ぬ,い,も,せ,こ,と,な,に,と,あ,る,ら,む,ひ,さ,む,か,ひ,ゐ,て
あ,は,す,し,て,け,な,か,き,も,の,は,あ,ま,の,か,は,へ,た,て,て,ま,た,や,わ,か,こ,ひ,を,ら,む
ひ,こ,ほ,し,と,た,な,は,た,つ,め,と,こ,よ,ひ,あ,ふ,あ,ま,の,か,は,ら,に,な,み,た,つ,な,ゆ,め
し,み,し,み,も,あ,ひ,み,ぬ,き,み,は,あ,ま,の,か,は,ふ,な,て,は,や,せ,よ,よ,ふ,け,ぬ,と,き,に
あ,き,か,せ,の,き,よ,き,ゆ,ふ,へ,に,あ,ま,の,か,は,ふ,ね,こ,き,わ,た,せ,つ,き,ひ,と,を,と,こ
あ,ま,の,か,は,き,り,た,ち,わ,た,り,ひ,こ,ほ,し,の,か,ち,お,と,き,こ,ゆ,よ,の,ふ,け,ゆ,け,は
き,み,か,ふ,ね,い,ま,こ,き,く,ら,し,あ,ま,の,か,は,き,り,た,ち,わ,た,る,こ,の,か,は,の,せ,に
あ,き,か,せ,に,か,は,の,せ,き,よ,し,ひ,こ,ほ,し,の,け,さ,こ,く,ふ,ね,に,な,み,の,さ,わ,け,る
あ,ま,の,か,は,か,は,へ,に,た,ち,て,わ,か,ま,ち,し,き,み,き,た,る,な,り,ひ,も,と,き,て,ま,て
あ,す,か,ら,は,わ,か,た,ま,ゆ,か,を,う,ち,は,ら,ひ,き,み,と,ふ,た,り,は,ね,す,な,り,ぬ,へ,し
こ,の,ゆ,ふ,へ,ふ,り,く,る,あ,め,は,ひ,こ,ほ,し,の,と,わ,た,る,ふ,ね,の,か,ひ,の,し,つ,く,か
あ,ま,の,か,は,や,そ,せ,よ,り,あ,ふ,ひ,こ,ほ,し,の,と,き,に,ゆ,く,ふ,ね,い,ま,や,こ,く,ら,む
あ,ま,の,か,は,う,ち,は,し,わ,た,す,い,も,か,い,へ,と,ま,ら,す,か,よ,へ,と,き,ま,た,す,と,て
つ,き,を,へ,て,わ,か,お,も,ふ,い,も,に,あ,へ,る,よ,は,こ,の,な,ぬ,か,ひ,の,つ,き,せ,さ,る,か,も
と,し,に,き,て,わ,か,ふ,ね,わ,た,る,あ,ま,の,か,は,か,せ,は,ふ,く,と,も,な,み,た,つ,な,ゆ,め
あ,ま,の,か,は,か,せ,は,ふ,く,と,も,わ,か,ふ,ね,は,と,く,こ,き,よ,せ,よ,よ,の,ふ,け,ぬ,ま,に
よ,し,こ,よ,ひ,あ,へ,る,と,き,た,に,こ,と,と,は,む,ま,ち,も,せ,す,こ,し,よ,そ,ふ,け,ぬ,ら,む
は,る,か,な,る,き,み,も,て,ゆ,き,て,あ,ま,の,か,は,う,ち,は,し,わ,た,し,き,み,も,あ,は,す,は
あ,ま,の,か,は,か,す,み,た,ち,の,ほ,り,た,な,は,た,の,く,も,の,こ,ろ,も,の,あ,へ,る,そ,ら,か,な
い,に,し,へ,の,お,り,に,し,は,た,を,こ,の,ゆ,ふ,へ,こ,ろ,も,に,ぬ,ひ,て,き,み,ま,つ,わ,れ,を
あ,し,た,ま,も,て,た,ま,も,ゆ,ら,に,お,る,は,た,を,き,み,か,こ,ろ,も,に,ぬ,ひ,き,せ,む,か,も
よ,き,つ,き,ひ,あ,ふ,よ,し,あ,れ,は,わ,か,れ,ち,の,を,し,か,る,き,み,は,あ,す,さ,へ,も,か,な
あ,ま,の,か,は,わ,た,る,せ,ふ,か,み,ふ,ね,う,け,て,さ,し,く,る,き,み,か,か,ち,お,と,そ,す,る
あ,ま,の,か,は,わ,た,せ,る,こ,と,の,み,て,く,ら,の,こ,こ,ろ,は,き,み,を,ゆ,き,て,ま,せ,と,よ
ひ,さ,か,た,の,あ,ま,の,か,は,ら,に,ふ,ね,う,け,て,き,み,ま,つ,わ,れ,は,あ,け,と,も,あ,ら,ぬ,か
あ,ま,の,か,は,あ,し,ぬ,れ,た,ら,む,き,み,か,み,も,ま,く,ら,も,せ,ね,は,よ,の,ふ,け,ぬ,こ,そ
わ,た,し,も,り,ふ,ね,わ,た,せ,よ,と,よ,ふ,こ,ゑ,の,ゆ,か,ぬ,な,る,へ,し,か,ち,お,と,も,せ,ぬ
こ,ひ,し,き,は,け,な,か,き,も,の,を,い,ま,た,に,も,み,し,か,く,も,か,な,あ,ひ,み,る,よ,た,に
ま,け,な,か,ら,か,は,を,へ,た,て,て,あ,り,し,そ,て,こ,よ,ひ,ま,か,む,と,お,も,へ,る,か,よ,さ
ひ,と,さ,へ,や,み,つ,か,ら,く,ら,む,ひ,こ,ほ,し,の,い,も,よ,ふ,こ,ゑ,の,ち,か,つ,き,ぬ,る,を
あ,ま,の,か,は,せ,を,は,や,み,ら,む,う,は,た,ま,の,よ,る,は,あ,け,つ,つ,あ,は,ぬ,ひ,こ,ほ,し
わ,た,し,も,り,ふ,ね,は,や,わ,た,せ,ひ,と,と,せ,に,ふ,た,た,ひ,か,よ,ふ,き,み,な,ら,な,く,に
こ,ひ,す,る,は,け,な,か,き,も,の,を,こ,よ,ひ,た,に,く,る,る,へ,し,や,は,と,く,あ,け,す,し,て
た,な,は,た,の,こ,よ,ひ,あ,か,ね,は,つ,ね,の,こ,と,こ,ひ,て,や,わ,た,さ,む,た,な,は,た,わ,た,せ
あ,ま,の,か,は,た,な,は,た,わ,た,す,た,な,は,た,の,こ,れ,わ,た,さ,む,に,た,な,は,た,わ,た,せ
あ,ま,の,か,は,こ,と,う,き,や,り,つ,い,つ,れ,を,か,き,み,か,う,け,を,も,わ,か,ま,ち,わ,か,む
あ,き,か,せ,の,ふ,き,に,し,ひ,よ,り,あ,ま,の,は,ら,せ,に,い,て,た,ち,て,ま,つ,と,つ,け,こ,せ
あ,ま,の,か,は,こ,そ,の,わ,た,り,は,あ,り,け,る,を,き,み,か,き,た,ら,む,み,ち,の,し,ら,な,く
ひ,こ,ほ,し,の,い,も,よ,ふ,こ,ゑ,の,ひ,き,つ,な,の,た,え,む,と,き,み,を,わ,か,お,も,は,な,く,に
わ,た,し,も,り,ふ,な,て,し,ゆ,か,む,こ,よ,ひ,の,み,あ,ひ,み,て,の,ち,は,あ,は,ぬ,も,の,か,も
あ,め,つ,ち,の,そ,め,し,と,き,よ,り,あ,ま,の,か,は,む,か,ひ,に,い,て,て,ひ,と,と,せ,に,ふ,た,た,ひ,あ,は,ぬ,つ,ま,こ,ひ,に,も,の,お,も,ふ,ひ,は,あ,ま,の,か,は,や,す,の,か,は,ら,に,か,よ,ひ,ち,の,か,よ,ふ,わ,た,り,に,く,ほ,ふ,ね,の,と,も,に,も,へ,に,も,ふ,ね,よ,そ,ひ,ま,か,い,も,し,け,く,い,き,の,ひ,も,と,は,れ,ぬ,も,の,を,あ,き,か,せ,の,ふ,き,く,る,よ,ひ,に,あ,ま,の,か,は,し,ら,な,み,し,け,き,お,ち,た,き,り,は,や,ま,さ,り,た,る,わ,か,く,さ,の,つ,ま,た,ま,く,ら,に,お,ほ,ふ,ね,の,お,も,ひ,た,の,み,て,こ,き,く,と,も,こ,の,を,の,こ,ら,か,あ,ら,た,ま,の,と,し,を,な,か,く,お,も,ひ,こ,し,こ,ひ,を,つ,く,さ,む,ふ,み,つ,き,の,な,ぬ,か,の,よ,ひ,の,わ,か,れ,か,な,し,も
こ,ま,に,し,き,ひ,も,と,き,や,す,き,あ,ま,ひ,と,の,ま,つ,ら,く,る,に,そ,わ,れ,も,お,も,は,む
あ,め,つ,ち,と,わ,け,し,と,き,よ,り,ひ,さ,か,た,の,あ,ま,し,る,し,と,は,あ,ま,の,は,ら,あ,ま,の,か,は,ら,に,あ,ら,た,ま,の,つ,き,を,か,さ,ね,て,こ,ふ,る,い,も,に,あ,ふ,と,き,ま,つ,と,た,ち,ま,ち,に,わ,か,こ,ろ,も,て,を,あ,き,か,せ,の,ふ,き,し,か,へ,さ,は,た,ち,ゐ,つ,つ,た,つ,き,を,し,ら,ぬ,あ,ま,の,た,な,は,た
あ,す,か,か,は,か,は,よ,と,さ,ら,す,た,つ,き,り,と,お,も,ひ,す,く,へ,き,こ,と,な,ら,な,く,に
し,つ,か,な,る,か,き,ね,も,と,め,て,い,つ,く,に,か,は,る,の,あ,り,か,を,と,も,に,も,と,め,む
は,る,を,み,て,か,へ,ら,む,こ,と,の,わ,す,ら,る,る,は,こ,た,か,き,か,け,に,よ,り,て,な,り,け,り
は,る,と,の,み,と,こ,ろ,と,こ,ろ,に,を,し,め,と,も,み,な,お,な,し,い,ろ,に,す,き,ぬ,る,か,う,さ
は,る,は,る,と,あ,ひ,て,お,い,ぬ,る,み,な,れ,は,や,ゑ,ひ,に,な,み,た,の,あ,か,れ,さ,る,ら,む
い,ま,は,は,や,か,へ,り,き,な,ま,し,ふ,ち,の,は,な,み,る,と,せ,し,ま,に,と,し,そ,へ,に,け,る
こ,つ,た,へ,し,み,と,り,の,い,と,の,よ,り,け,れ,は,う,く,ひ,す,と,む,る,ち,か,ら,な,き,か,な
は,な,を,の,み,た,つ,ね,こ,し,ま,に,は,る,は,ま,た,ふ,か,さ,あ,さ,さ,も,し,ら,れ,さ,り,け,り
あ,た,ら,し,き,は,る,の,や,ま,へ,の,は,な,の,み,そ,と,こ,ろ,も,わ,か,す,さ,き,に,ち,り,け,る
ち,か,か,ら,ぬ,と,き,に,ひ,と,た,ひ,わ,か,る,れ,は,と,し,の,み,と,し,に,へ,た,た,り,に,け,る
わ,か,れ,に,し,と,き,を,お,も,ひ,て,た,つ,ぬ,れ,は,ゆ,め,の,た,ま,し,ひ,は,る,け,か,り,け,り
あ,さ,こ,と,に,む,す,ほ,ほ,れ,て,そ,す,く,し,つ,る,ち,り,に,し,さ,と,を,こ,ふ,る,こ,こ,ろ,に
わ,か,れ,に,し,き,み,か,み,を,す,て,い,た,つ,ら,に,か,た,ち,の,か,は,る,み,こ,そ,つ,ら,け,れ
わ,か,れ,て,の,の,ち,も,あ,ひ,み,む,と,お,も,へ,と,も,こ,れ,を,い,つ,れ,の,と,き,と,か,は,し,る
ひ,と,を,お,く,る,と,も,に,は,る,さ,へ,す,き,ぬ,れ,は,か,れ,こ,れ,う,ら,み,あ,ま,た,あ,り,け,り
ち,か,か,ら,す,は,る,け,き,ほ,と,に,と,し,を,へ,て,わ,か,る,る,こ,と,は,く,る,し,か,り,け,り
あ,つ,か,ら,す,さ,む,く,も,あ,ら,す,よ,き,ほ,と,に,ふ,き,け,る,か,せ,の,や,ま,す,も,あ,ら,な,む
く,も,り,な,く,た,き,は,や,ま,さ,へ,は,れ,ゆ,け,は,み,つ,の,い,ろ,さ,へ,あ,ら,た,ま,り,ゆ,け
し,ら,く,も,の,な,か,を,や,り,つ,つ,ゆ,く,み,つ,の,め,て,た,き,こ,と,は,や,ま,に,さ,り,け,る
お,き,へ,よ,り,ふ,き,つ,る,か,せ,は,し,ら,な,み,の,は,な,と,の,み,こ,そ,み,え,わ,た,り,け,れ
わ,ひ,て,ゆ,く,や,と,に,ひ,か,り,の,く,れ,ゆ,け,は,ふ,く,か,せ,の,み,そ,と,さ,し,な,り,け,る
か,け,し,け,き,み,つ,の,あ,た,り,は,と,し,を,へ,て,す,き,に,け,れ,と,も,あ,は,れ,な,る,か,な
や,と,こ,と,に,は,な,の,に,し,き,を,お,れ,れ,は,そ,み,る,に,こ,こ,ろ,の,や,す,き,と,き,な,き
た,に,み,つ,の,こ,と,の,ね,た,え,す,き,こ,ゆ,れ,は,と,き,の,ま,を,た,に,へ,た,て,す,そ,き,く
な,く,な,み,た,こ,ふ,る,た,も,と,に,う,つ,り,て,は,く,れ,な,ゐ,ふ,か,き,や,と,と,こ,そ,み,れ
わ,か,る,と,き,い,ひ,つ,る,と,し,は,は,る,け,き,を,ち,か,き,を,み,る,そ,わ,ひ,し,か,り,け,る
ひ,と,と,せ,に,ま,た,ふ,た,た,ひ,も,こ,し,も,の,を,た,た,ひ,る,な,か,そ,は,る,は,の,こ,れ,る
う,く,ひ,す,は,す,き,に,し,は,る,を,を,し,み,つ,つ,な,く,こ,ゑ,お,ほ,き,こ,ろ,に,ま,る,か,な
う,く,ひ,す,も,と,き,な,ら,ね,は,そ,な,く,こ,ゑ,は,い,ま,は,ま,れ,ら,に,な,り,ぬ,へ,ら,な,る
あ,き,ち,か,く,は,ち,す,も,ひ,ら,く,み,つ,の,お,も,に,く,れ,な,ゐ,ふ,か,く,い,ろ,そ,み,え,け,る
ふ,く,か,せ,に,え,た,の,む,な,し,く,な,り,ゆ,け,は,お,つ,る,は,な,こ,そ,ま,れ,に,み,え,け,れ
な,く,え,た,の,こ,ゑ,ふ,か,く,の,み,き,こ,ゆ,る,は,の,こ,れ,る,は,な,の,え,た,を,こ,ふ,る,か
つ,き,か,け,に,な,へ,て,ま,さ,こ,の,て,り,ぬ,れ,は,な,つ,の,よ,ふ,か,く,し,も,か,と,そ,み,る
わ,か,こ,こ,ろ,し,け,き,と,き,に,は,ふ,く,か,せ,の,み,に,は,あ,ら,ね,と,す,す,し,か,り,け,り
あ,ま,の,か,は,ほ,と,の,は,る,か,に,な,り,ゆ,け,は,あ,ひ,み,る,こ,と,の,さ,た,め,な,き,か,な
ひ,と,と,せ,に,た,た,こ,よ,ひ,こ,そ,た,な,は,た,の,あ,ま,の,か,は,ら,を,わ,た,る,て,ふ,な,れ
つ,ね,よ,り,も,あ,き,の,こ,の,は,は,お,く,ら,む,に,く,れ,な,ゐ,ふ,か,く,み,え,わ,た,る,か,な
か,す,か,な,る,と,き,の,み,み,ゆ,る,あ,き,の,よ,は,も,の,お,も,ふ,こ,と,そ,す,く,な,か,り,け,る
も,み,ち,は,の,い,ろ,く,れ,な,ゐ,に,み,え,つ,る,は,な,く,せ,み,の,は,や,な,く,な,り,ぬ,ら,む
あ,き,の,よ,を,さ,む,み,な,き,つ,る,む,し,の,ね,は,わ,か,や,と,に,こ,そ,あ,ま,た,き,こ,ゆ,れ
ふ,く,か,せ,の,お,と,た,か,く,の,み,き,こ,ゆ,る,は,お,く,つ,ゆ,う,た,て,さ,む,く,も,あ,る,か,な
こ,の,は,み,な,か,ら,く,れ,な,ゐ,に,つ,く,る,と,て,し,も,の,さ,ら,に,も,お,き,ま,さ,る,か,な
あ,き,の,よ,を,さ,む,み,な,き,つ,つ,ゆ,く,か,り,の,し,も,を,の,み,き,て,た,ち,か,へ,る,ら,む
そ,ら,に,か,り,と,ふ,こ,と,は,や,く,み,え,し,よ,り,あ,き,は,か,き,り,と,お,も,ひ,し,り,に,き
な,く,え,た,の,こ,ゑ,た,に,た,え,て,き,こ,え,な,は,た,ひ,な,る,ひ,と,は,お,も,ひ,ま,さ,り,ぬ
あ,た,ら,し,き,う,れ,へ,は,お,ほ,く,さ,む,き,よ,の,な,か,き,よ,り,こ,そ,は,し,ま,り,に,け,る
も,の,を,お,も,ふ,こ,こ,ろ,は,は,ひ,と,く,た,く,れ,と,あ,つ,き,お,き,に,は,お,よ,は,さ,り,け,り
と,し,こ,と,に,か,そ,へ,こ,し,ま,に,は,か,な,く,て,ひ,と,は,お,い,ぬ,る,も,の,に,さ,り,け,る
あ,く,ま,て,に,み,て,る,さ,け,に,そ,さ,む,き,よ,は,ひ,と,の,み,ま,し,に,あ,た,た,ま,り,け,り
お,い,ぬ,れ,は,め,は,は,や,さ,め,ぬ,と,こ,し,な,へ,よ,は,に,す,く,れ,は,ね,て,の,み,そ,ふ,る
よ,ひ,よ,ひ,に,ま,た,お,く,し,も,の,か,ろ,け,れ,は,く,さ,は,を,た,に,そ,か,ら,せ,さ,り,け,る
ひ,と,り,ゐ,て,も,ゆ,る,ほ,の,ほ,に,む,か,へ,は,や,か,け,を,と,も,な,ふ,み,と,は,な,り,ぬ,る
く,も,は,れ,て,き,よ,き,つ,き,か,け,け,ふ,な,ら,す,あ,ら,む,か,き,り,は,を,し,み,こ,そ,せ,め
こ,こ,ろ,を,し,あ,ま,の,う,き,き,に,な,し,つ,れ,は,な,か,る,る,み,つ,に,し,つ,ま,さ,り,け,る
か,り,そ,め,に,し,は,し,う,か,へ,る,た,ま,し,ひ,の,み,な,あ,わ,と,の,み,た,と,へ,ら,れ,け,る
く,ろ,か,み,の,し,ろ,く,に,は,か,に,な,り,ぬ,れ,は,は,る,の,は,な,と,そ,み,え,わ,た,り,け,る
わ,れ,か,み,も,は,る,の,か,き,り,に,ひ,と,し,ら,は,く,さ,き,な,る,と,も,お,も,ひ,し,り,な,む
く,も,わ,け,て,み,や,こ,た,つ,ね,て,く,る,か,り,も,は,る,に,あ,ひ,て,そ,と,ひ,か,へ,り,け,る
は,る,こ,と,に,あ,ひ,て,も,あ,は,ぬ,こ,こ,ろ,か,な,は,な,ゆ,き,と,の,み,ふ,り,ま,か,ひ,つ,つ
あ,ま,く,も,の,み,を,か,く,す,ら,む,ひ,の,ひ,か,り,わ,か,み,く,ら,せ,と,み,る,よ,し,も,な,き
み,や,こ,ま,て,な,み,た,か,し,と,も,き,こ,え,な,く,に,し,は,し,た,に,な,と,み,の,し,つ,む,ら,む
は,る,の,の,に,あ,さ,る,き,き,す,の,つ,ま,こ,ひ,に,お,の,か,あ,り,か,を,ひ,と,に,し,ら,れ,つ,つ
あ,つ,さ,ゆ,み,は,る,は,や,ち,か,く,や,と,り,せ,は,つ,き,て,き,く,ら,む,う,く,ひ,す,の,こ,ゑ
う,ち,な,ひ,き,は,る,さ,り,く,れ,て,し,か,す,か,に,そ,ら,く,も,り,あ,ひ,ゆ,き,は,ふ,り,つ,つ
と,く,か,み,を,ま,き,も,く,や,ま,に,は,る,さ,れ,は,こ,の,は,る,し,き,て,か,す,み,た,な,ひ,く
は,る,か,す,み,わ,か,れ,て,と,も,に,あ,を,や,き,の,え,た,く,ひ,も,ち,て,う,く,ひ,す,な,き,つ
か,け,ろ,ふ,の,ゆ,ふ,さ,り,く,れ,は,か,り,ひ,と,の,ゆ,め,み,え,か,た,に,か,す,み,た,な,ひ,く
む,ら,さ,き,の,ね,は,ひ,よ,ち,よ,の,は,る,の,の,に,き,み,を,こ,ひ,け,る,う,く,ひ,す,そ,な,く
わ,か,せ,こ,を,な,ら,し,の,や,ま,の,よ,ふ,こ,と,り,き,み,よ,ひ,か,へ,せ,よ,の,ふ,け,ぬ,と,き
あ,さ,こ,と,に,き,て,な,く,こ,と,り,な,か,た,に,も,き,み,に,こ,ふ,ら,し,と,こ,な,つ,に,な,く
ふ,ゆ,こ,も,り,は,る,は,た,ち,に,き,あ,し,ひ,き,の,や,ま,に,も,の,に,も,う,く,ひ,す,な,き,つ
は,る,な,れ,は,つ,ま,や,も,と,む,る,う,く,ひ,す,の,こ,す,ゑ,を,つ,た,ひ,な,き,つ,つ,は,ふ,る
か,す,か,な,る,は,か,ひ,や,ま,な,る,さ,ほ,の,う,ら,は,ゆ,く,な,る,た,れ,を,よ,ふ,こ,と,り,そ,も
ふ,ふ,き,つ,つ,ゆ,き,は,ふ,り,つ,つ,し,か,す,か,に,か,す,み,た,な,ひ,く,は,る,は,き,ぬ,ら,し
み,ね,の,う,へ,に,ふ,り,お,く,ゆ,き,は,か,せ,の,お,と,も,と,も,に,ち,る,ら,し,は,る,は,あ,り,と,も
う,く,ひ,す,の,は,る,に,な,り,ぬ,ら,し,か,す,か,や,ま,か,す,み,た,な,ひ,く,よ,め,に,み,れ,と,も
あ,を,や,き,の,い,と,の,ほ,そ,さ,を,は,る,か,せ,に,み,た,れ,る,い,ろ,に,み,せ,む,と,そ,か,し
う,く,ひ,す,の,こ,つ,た,ふ,え,た,の,う,つ,り,か,は,さ,く,ら,の,は,な,の,と,き,の,ま,つ,き,ぬ
さ,く,ら,は,な,と,き,は,す,き,ね,と,う,く,ひ,す,の,こ,ひ,は,さ,か,り,と,い,ま,や,な,く,ら,む
わ,か,さ,と,る,や,な,き,の,い,と,を,ふ,き,み,た,る,か,せ,に,や,い,も,か,う,め,は,ち,る,ら,む
と,し,こ,と,に,う,め,は,ち,れ,と,も,う,つ,せ,み,の,よ,に,わ,れ,は,し,も,は,る,な,か,り,け,り
う,ち,つ,け,に,と,は,お,も,へ,と,も,は,し,め,て,も,ま,つ,み,ま,ほ,し,き,う,め,の,は,な,か,な
あ,し,ひ,き,の,や,ま,の,は,て,ら,す,さ,く,ら,は,な,こ,の,は,る,さ,へ,に,ち,り,に,け,る,か,な
う,ち,な,ひ,き,は,る,た,ち,ぬ,ら,し,や,ま,も,と,の,わ,か,よ,の,す,ゑ,に,さ,き,ち,る,み,れ,は
あ,の,や,ま,の,さ,く,ら,の,は,な,は,け,ふ,も,か,も,ち,り,み,た,る,ら,む,み,る,ひ,と,な,し,に
か,は,つ,な,く,よ,し,の,の,か,は,の,た,き,の,う,へ,に,あ,さ,さ,の,は,な,そ,さ,き,て,あ,た,な,る
は,る,の,き,し,な,く,た,に,も,と,に,さ,く,ら,は,な,ち,り,ぬ,へ,く,な,る,み,る,ひ,と,も,か,も
は,る,さ,め,は,ち,ら,ま,く,も,を,し,さ,く,ら,は,な,し,は,し,さ,か,な,む,を,し,み,て,し,か,な
み,わ,た,せ,は,か,す,か,の,う,へ,に,か,す,み,た,ち,ひ,ら,く,る,は,な,は,さ,く,ら,は,な,か,も
よ,と,か,は,の,み,な,く,き,す,ゑ,に,み,る,ま,て,に,み,か,さ,の,や,ま,は,あ,せ,に,け,る,か,も
と,き,み,れ,は,ま,た,ふ,ゆ,な,る,を,し,か,す,か,に,は,る,か,す,み,た,ち,ゆ,き,は,ふ,り,つ,つ
こ,そ,さ,き,し,く,さ,き,い,ま,さ,く,い,た,つ,ら,に,つ,ち,に,や,ち,ら,む,み,ぬ,ひ,と,な,し,に
あ,さ,か,す,み,は,る,ひ,く,れ,な,は,こ,の,ま,よ,り,う,つ,ろ,ふ,つ,き,を,い,つ,か,た,の,ま,む
は,る,か,す,み,た,な,ひ,く,け,ふ,の,ゆ,ふ,つ,く,よ,き,よ,く,て,る,ら,む,た,か,ま,つ,の,や,ま
は,る,さ,れ,は,こ,か,く,れ,お,ほ,み,ゆ,ふ,つ,く,よ,お,ほ,つ,か,な,し,の,は,な,の,か,け,に,て
は,る,の,あ,め,に,あ,り,け,る,も,の,を,た,ち,か,く,れ,い,も,か,い,へ,ち,に,こ,の,ひ,く,ら,し,つ
か,す,か,の,に,け,ふ,り,た,つ,め,り,や,を,か,し,は,は,る,の,お,ほ,き,に,あ,め,の,ふ,る,か,も
す,み,よ,し,の,さ,と,ゆ,き,し,か,は,は,る,は,な,の,い,と,ま,れ,に,み,む,き,み,に,あ,へ,る,か,も
ふ,ゆ,は,す,き,は,る,は,き,ぬ,れ,と,と,し,つ,き,は,あ,ら,た,ま,れ,と,も,ひ,と,は,ふ,り,ゆ,く
は,る,や,ま,に,ゐ,る,う,く,ひ,す,の,あ,ひ,わ,か,れ,か,へ,り,ま,す,ま,の,お,も,ひ,す,る,か,も
わ,か,や,と,の,は,る,さ,く,は,な,の,と,し,こ,と,に,お,も,ひ,ま,す,と,も,わ,す,れ,め,や,わ,れ
う,め,の,は,な,さ,き,ち,る,の,へ,に,わ,れ,ゆ,か,む,い,も,か,つ,か,ひ,は,わ,れ,て,ま,つ,ら,む
は,る,の,の,に,か,す,み,た,な,ひ,く,さ,く,ら,は,な,う,ち,な,る,ま,て,に,あ,は,ぬ,き,み,か,な
わ,か,せ,こ,を,わ,か,こ,ふ,ら,く,は,お,く,や,ま,の,あ,せ,み,の,は,な,の,い,ま,さ,か,り,な,り
う,め,の,は,な,し,た,り,や,な,き,に,お,り,ま,せ,て,は,る,に,そ,ふ,る,は,き,み,に,あ,る,か,も
は,る,た,て,は,く,さ,き,の,う,へ,に,お,く,し,も,の,き,え,つ,つ,わ,れ,や,こ,ひ,や,わ,た,ら,む
は,る,か,す,み,た,ち,に,し,ひ,よ,り,け,ふ,ま,て,に,わ,か,こ,ひ,や,ま,す,ひ,と,の,し,け,き,に
あ,を,つ,つ,ら,い,も,を,た,つ,ぬ,と,は,る,の,ひ,の,か,す,み,た,ち,も,ち,こ,ひ,く,ら,し,つ,つ
あ,や,し,き,は,わ,か,や,と,に,の,み,た,つ,か,す,み,た,て,れ,ゐ,れ,と,も,き,み,か,こ,こ,ろ,に
こ,ひ,つ,つ,も,け,ふ,は,く,ら,し,つ,か,す,み,つ,つ,あ,す,の,は,る,ひ,を,い,か,て,く,ら,さ,む
は,る,た,て,は,し,け,し,わ,か,こ,ひ,わ,た,つ,み,の,た,つ,し,ら,な,み,に,と,へ,そ,ま,さ,れ,る
お,ほ,つ,か,な,き,み,に,あ,ひ,み,ぬ,す,か,の,ね,の,な,か,き,は,る,ひ,を,わ,ひ,わ,た,る,か,も
は,る,さ,め,に,こ,こ,ろ,も,ひ,と,も,か,よ,は,む,や,な,ぬ,か,し,ふ,ら,は,な,な,よ,こ,し,と,や
う,め,の,は,な,ち,ら,す,は,る,さ,め,お,ほ,く,ふ,る,た,ひ,に,や,き,み,か,い,ほ,ゐ,せ,る,ら,む
ま,す,ら,を,か,ふ,し,ゐ,な,け,き,て,つ,く,り,た,る,し,た,り,や,な,き,か,か,つ,ら,せ,よ,い,も
は,る,や,ま,の,あ,せ,ひ,の,は,な,に,に,く,か,ら,ぬ,き,み,に,は,し,め,よ,よ,か,れ,は,こ,ひ,し
い,そ,の,か,み,ふ,る,の,や,し,ろ,の,す,き,に,し,を,わ,れ,ら,さ,ら,さ,ら,こ,ひ,に,あ,ひ,に,け,り
さ,の,か,た,は,み,に,な,ら,す,と,も,は,な,に,の,み,さ,き,て,な,み,え,そ,こ,ひ,の,さ,く,ら,を
あ,つ,さ,ゆ,み,ひ,き,つ,へ,き,や,あ,る,な,つ,く,さ,の,は,な,さ,か,ぬ,ま,て,あ,は,ぬ,き,み,か,な
は,る,く,れ,は,ま,つ,な,く,を,り,の,う,く,ひ,す,の,こ,と,さ,き,た,ち,し,は,な,を,し,ま,た,む
あ,ひ,お,も,は,ぬ,ひ,と,を,や,つ,ね,に,す,か,の,ね,の,な,か,き,は,る,ひ,を,こ,ひ,や,く,ら,さ,む
ま,す,ら,を,の,そ,て,た,ち,む,か,ひ,し,め,し,の,の,か,み,な,ひ,や,ま,に,か,へ,り,か,た,か,た
ほ,と,と,き,す,な,く,は,つ,こ,ゑ,は,わ,れ,き,か,む,こ,さ,つ,き,の,の,や,ま,さ,や,ぬ,き,い,て,む
あ,さ,き,り,の,た,な,ひ,く,の,へ,の,あ,し,ひ,き,の,や,ま,ほ,と,と,き,す,い,つ,き,て,な,く,そ
あ,し,ひ,き,の,や,へ,や,ま,こ,え,て,よ,ふ,こ,と,り,な,く,や,な,か,く,る,や,と,な,ら,な,く,に
ふ,ち,な,み,の,ち,ら,ま,く,を,し,き,ほ,と,と,き,す,い,た,き,の,を,か,は,な,き,て,こ,ゆ,ら,む
あ,さ,き,り,の,や,へ,や,ま,こ,え,て,ほ,と,と,き,す,こ,の,は,な,か,く,れ,な,き,こ,え,く,な,り
ほ,と,と,き,す,け,さ,の,あ,さ,き,り,な,き,つ,る,を,き,み,は,え,き,か,す,い,や,は,ね,つ,ら,む
よ,ひ,の,ま,に,お,ほ,つ,か,な,き,を,ほ,と,と,き,す,な,く,な,る,ほ,と,の,お,と,の,は,る,け,さ
や,ま,と,に,は,な,き,て,き,つ,ら,む,ほ,と,と,き,す,な,か,な,く,こ,と,の,な,き,も,お,も,ほ,ゆ
も,の,お,も,ふ,と,ね,さ,る,あ,さ,け,に,ほ,と,と,き,す,わ,か,こ,ろ,も,て,に,き,な,き,を,り,つ,つ
た,ち,は,な,の,は,や,し,を,う,ゑ,む,ほ,と,と,き,す,つ,ね,に,ふ,ゆ,ま,て,す,み,わ,た,る,か,な
あ,ま,は,れ,の,こ,む,ま,に,た,く,ひ,ほ,と,と,き,す,か,す,か,を,さ,し,て,い,ま,な,き,わ,た,る
か,く,は,か,り,あ,め,の,ふ,る,を,や,ほ,と,と,き,す,う,の,は,な,や,み,に,な,ほ,や,な,く,ら,む
お,も,は,く,の,こ,こ,ろ,も,あ,き,に,に,ほ,ひ,ぬ,と,と,き,の,は,し,は,み,あ,き,た,た,ね,と,も
か,く,は,し,き,は,な,た,ち,は,な,を,は,な,に,ぬ,ひ,お,ち,こ,む,い,も,を,い,つ,と,か,ま,た,む
う,の,は,な,の,さ,け,る,か,き,ほ,に,ほ,と,と,き,す,な,き,て,さ,め,た,る,ひ,と,は,き,き,つ,や
き,き,つ,や,と,と,か,と,ひ,つ,る,を,ほ,と,と,き,す,さ,ら,に,な,れ,つ,つ,い,ま,な,き,わ,た,る
ひ,と,こ,と,は,な,つ,の,の,く,さ,に,し,け,く,と,も,い,も,と,わ,れ,と,し,た,つ,さ,は,り,な,は
こ,の,こ,ろ,の,こ,ひ,の,し,け,ら,く,な,つ,く,さ,の,か,り,は,ら,へ,と,も,お,ひ,し,け,る,こ,と
た,く,ひ,あ,ら,は,ふ,な,つ,の,し,け,み,う,ち,は,ら,ひ,ひ,と,わ,か,い,の,ち,つ,ね,な,ら,め,や,は
わ,れ,の,み,や,か,く,こ,ひ,す,ら,む,か,き,つ,は,た,つ,ら,と,ふ,い,も,は,い,か,か,あ,る,ら,む
た,ち,は,な,の,は,な,ち,る,さ,と,に,か,よ,ひ,な,は,や,ま,ほ,と,と,き,す,ひ,ひ,か,さ,ら,む,か,も
な,つ,な,れ,は,す,こ,く,な,く,な,る,ほ,と,と,き,す,ほ,と,ほ,と,い,も,に,あ,は,て,き,に,け,る
さ,つ,き,や,み,は,な,た,ち,は,な,に,ほ,と,と,き,す,か,け,そ,ふ,と,き,に,あ,へ,る,き,み,か,も
ほ,と,と,き,す,な,く,や,さ,つ,き,の,み,し,か,よ,も,ひ,と,り,し,ぬ,れ,は,あ,か,し,か,ね,つ,も
う,の,は,な,の,さ,く,と,は,な,し,に,あ,た,ひ,と,を,こ,ひ,わ,た,る,ら,む,か,た,お,も,ひ,に,し,て
わ,れ,こ,そ,は,に,く,く,も,あ,ら,め,わ,か,や,と,の,は,な,た,ち,は,な,を,み,に,は,こ,し,と,や
み,な,つ,き,の,つ,ち,さ,へ,さ,け,て,て,る,ひ,に,も,わ,か,そ,て,ひ,め,や,い,も,に,あ,は,す,し,て
あ,ま,の,か,は,み,な,そ,こ,ま,て,に,て,ら,す,ふ,ね,つ,ひ,に,ふ,な,ひ,と,い,も,と,み,え,す,や
お,ほ,そ,ら,に,た,な,ひ,く,あ,や,め,か,す,み,れ,は,ひ,と,の,つ,ま,ゆ,ゑ,い,も,に,あ,ひ,ぬ,へ,し
や,ち,を,し,の,か,み,の,み,よ,よ,り,い,も,も,な,き,ひ,と,と,し,ら,せ,し,き,た,り,つ,け,け,む
お,の,か,い,も,な,し,と,は,き,き,つ,て,に,ま,き,て,ま,た,き,て,ね,よ,き,み,さ,ま,に,と,か,な,し
あ,め,つ,ち,と,わ,け,し,と,き,よ,り,わ,か,い,も,と,そ,ひ,て,し,あ,れ,は,か,ね,て,ま,つ,わ,れ
う,は,た,ま,の,よ,る,ひ,る,く,も,り,く,ら,く,と,も,い,も,か,こ,と,は,は,は,や,く,つ,け,て,よ
ゆ,ふ,つ,つ,も,か,よ,ふ,そ,ら,ま,て,い,つ,と,き,か,あ,ふ,き,て,ま,た,む,つ,き,ひ,と,を,と,こ
わ,か,ま,て,し,あ,き,は,き,さ,き,ぬ,い,ま,た,に,も,に,ほ,ひ,に,ゆ,か,む,な,ら,し,か,た,み,に
あ,ま,の,か,は,そ,ら,の,わ,た,り,の,う,つ,ろ,へ,は,か,は,ら,を,ゆ,く,に,よ,そ,ふ,け,に,け,る
む,か,し,あ,け,て,こ,ろ,も,を,か,さ,ね,は,あ,ま,の,か,は,あ,ま,の,か,は,ふ,ね,う,か,ひ,あ,け,ぬ,と,も
よ,ろ,つ,よ,を,た,つ,さ,は,り,ゐ,て,あ,ひ,み,む,と,お,も,ふ,へ,し,や,は,こ,ひ,あ,ら,な,く,に
し,ら,く,も,を,い,ろ,い,ろ,た,て,し,と,ほ,く,と,も,よ,ふ,こ,ゑ,を,み,む,い,も,か,あ,た,り,を
わ,か,た,め,と,た,な,は,た,つ,め,の,そ,の,や,と,に,お,る,し,ら,ぬ,の,は,お,ひ,と,か,そ,か,も
き,み,に,あ,は,て,ひ,さ,し,く,な,り,ぬ,お,ひ,に,せ,し,し,ら,た,へ,こ,ろ,も,あ,か,つ,く,ま,て,に
た,な,は,た,の,い,ほ,は,た,た,て,て,お,る,ぬ,の,は,あ,き,た,つ,こ,ろ,も,た,れ,か,と,め,け,む
と,し,に,あ,り,て,い,も,か,ま,た,な,む,う,は,た,ま,の,よ,る,よ,り,く,も,る,と,ほ,き,ふ,な,て,を
わ,か,ま,ち,し,あ,き,は,き,た,り,ぬ,い,も,せ,こ,と,な,に,こ,と,あ,る,ら,む,ひ,さ,む,か,ひ,ゐ,て
あ,け,す,く,し,け,な,か,き,も,の,は,あ,ま,の,か,は,へ,た,て,て,ま,た,や,わ,か,こ,ひ,を,せ,む
し,は,し,は,も,あ,ひ,み,ぬ,き,み,は,あ,ま,の,か,は,ふ,な,て,は,や,せ,よ,よ,の,ふ,け,ぬ,と,き,に
あ,ま,の,か,は,き,り,た,ち,わ,た,る,ひ,こ,ほ,し,の,か,ち,お,と,き,こ,ゆ,よ,の,ふ,け,ゆ,け,は
あ,き,か,せ,に,か,は,な,み,た,つ,な,た,た,し,は,し,や,そ,ふ,ね,の,つ,に,み,ふ,ね,と,と,め,む
あ,き,か,せ,に,か,は,か,せ,き,よ,し,ひ,こ,ほ,し,の,け,さ,こ,く,ふ,ね,に,な,み,の,さ,わ,く,か
あ,ま,の,か,は,か,は,せ,に,ま,し,て,と,し,つ,き,を,こ,ひ,つ,る,き,み,に,こ,よ,ひ,あ,ふ,か,も
あ,ま,の,は,ら,ゆ,き,い,る,あ,と,は,し,ら,ま,ゆ,み,ひ,き,て,か,く,る,る,し,ら,ひ,と,を,と,こ
こ,の,ゆ,ふ,へ,ふ,り,く,る,あ,め,は,ひ,こ,ほ,し,の,と,く,ら,の,ふ,ね,の,か,ひ,の,し,つ,く,か
か,せ,ふ,き,て,か,は,な,み,た,つ,な,こ,く,ふ,ね,の,わ,た,り,を,そ,ゆ,く,よ,の,ふ,け,ぬ,と,き
あ,ま,の,か,は,う,ち,は,し,わ,た,す,い,も,か,い,へ,と,と,ま,ら,す,か,よ,へ,と,き,ま,た,す,と,も
あ,ま,の,か,は,か,せ,は,ふ,く,と,も,わ,か,ふ,ね,を,と,く,か,き,よ,せ,よ,よ,の,ふ,け,ぬ,ま,に
よ,し,こ,よ,ひ,あ,へ,る,と,こ,ま,に,こ,と,と,は,む,ま,ち,も,せ,す,ら,し,よ,そ,ふ,け,に,け,る
あ,ま,の,か,は,か,は,な,み,た,か,く,わ,か,こ,ふ,る,き,み,か,ふ,な,て,は,い,ま,そ,す,く,ら,む
は,る,か,な,る,き,み,も,て,ゆ,き,て,あ,ま,の,か,は,う,ち,は,し,わ,た,し,き,み,に,あ,は,す,は
あ,ま,の,か,は,き,り,た,ち,わ,た,り,た,な,は,た,の,く,も,の,こ,ろ,も,の,あ,へ,る,そ,ら,か,な
い,に,し,へ,の,お,り,に,し,は,た,の,こ,の,ゆ,ふ,へ,こ,ろ,も,に,ぬ,ひ,て,き,み,ま,つ,わ,れ,を
あ,ま,の,か,は,わ,た,る,せ,こ,と,の,み,て,く,ら,の,こ,こ,ろ,は,き,み,を,ゆ,き,て,ま,せ,と,よ
ひ,さ,か,た,の,あ,ま,の,か,は,ら,に,ふ,ね,う,け,て,き,み,ま,つ,わ,れ,は,あ,け,て,も,あ,ら,ぬ,か
わ,た,し,も,り,ふ,ね,わ,た,し,を,と,よ,ふ,こ,ゑ,の,ゆ,か,ぬ,な,る,へ,し,か,ち,お,と,も,せ,ぬ
あ,ま,の,か,は,む,か,ひ,に,た,ち,て,こ,ふ,る,と,き,こ,と,た,に,つ,け,よ,い,も,も,と,と,は,し
ま,け,な,か,く,か,は,を,へ,た,て,て,あ,り,し,そ,て,こ,よ,ひ,ま,か,む,と,お,も,へ,る,か,よ,さ
あ,ま,の,か,は,わ,た,る,せ,こ,と,の,し,つ,む,ら,し,く,も,の,し,る,し,の,あ,り,と,お,も,へ,は
た,な,は,た,の,こ,よ,ひ,あ,か,ね,は,つ,ね,の,こ,と,ま,た,こ,ひ,て,や,わ,た,さ,む,た,な,は,た,わ,た,せ
あ,ま,の,か,は,こ,と,う,き,や,り,つ,い,つ,れ,を,か,き,み,か,か,け,を,も,わ,か,ま,ち,わ,か,む
あ,ま,の,か,は,こ,そ,の,わ,た,せ,は,あ,り,け,る,を,き,み,か,き,た,ら,む,み,ち,の,し,ら,な,く
あ,め,つ,ち,の,そ,め,し,と,き,よ,り,あ,ま,の,か,は,む,か,ひ,に,て,ゐ,た,ま,ふ,こ,ひ,と,ま,つ,に,ふ,た,た,ひ,あ,は,ぬ,つ,ま,こ,ひ,に,も,の,お,も,ふ,ひ,は,あ,ま,の,は,ら,や,あ,ま,の,か,は,ら,に,か,よ,ひ,ち,の,か,よ,ふ,わ,た,り,に,よ,そ,れ,は,つ,ふ,ね,の,と,も,か,も,ふ,ね,に,そ,ひ,ま,か,ち,も,し,け,く,は,き,の,は,な,も,と,は,れ,ぬ,あ,き,か,せ,の,ふ,き,く,る,よ,ひ,に,あ,ま,の,か,は,し,ら,な,み,し,け,き,お,ち,た,き,に,は,や,ま,さ,り,た,る,わ,か,く,さ,の,と,し,を,な,に,へ,て,お,も,ひ,つ,つ,こ,ひ,を,つ,く,さ,む,ふ,み,つ,き,の,な,ぬ,か,の,よ,ひ,の,わ,か,れ,か,な,し,も
こ,ま,に,し,き,ひ,も,と,け,や,す,き,あ,ま,ひ,と,の,つ,ま,ま,く,る,よ,そ,わ,れ,も,お,も,は,む
わ,か,の,う,ら,に,し,ほ,み,ち,く,れ,は,か,た,を,な,み,あ,し,へ,を,さ,し,て,た,つ,な,き,わ,た,る
あ,す,か,か,は,か,は,よ,と,さ,ら,す,た,つ,き,り,の,お,も,ひ,す,く,へ,き,こ,と,な,ら,な,く,に
は,る,た,た,は,わ,か,な,つ,ま,む,と,し,め,し,の,に,き,の,ふ,も,け,ふ,も,ゆ,き,は,ふ,り,つ,つ
