き,の,ふ,こ,そ,と,し,は,く,れ,し,か,は,る,か,す,み,か,す,か,の,や,ま,に,は,や,た,ち,に,け,り
き,の,ふ,こ,そ,つ,き,は,た,ち,し,か,い,つ,の,ま,に,は,る,の,か,す,み,の,た,ち,に,け,る,そ,も
あ,す,よ,り,は,わ,か,な,つ,ま,む,と,か,た,を,か,の,あ,し,た,の,は,ら,は,け,ふ,そ,や,く,め,る
う,め,の,は,な,そ,れ,と,も,み,え,す,ひ,さ,か,た,の,あ,ま,き,る,ゆ,き,の,な,へ,て,ふ,れ,れ,は
た,か,や,と,の,う,め,の,は,な,そ,も,ひ,さ,か,た,の,き,よ,き,つ,き,よ,に,こ,こ,ら,ち,り,く,る
き,て,み,へ,き,ひ,と,も,あ,ら,な,く,に,わ,か,や,と,の,う,め,の,は,つ,は,な,ち,り,ぬ,と,も,よ
わ,か,せ,こ,に,み,せ,む,と,お,も,ひ,し,う,め,の,は,な,そ,れ,と,も,み,え,す,ゆ,き,の,ふ,れ,れ
う,め,の,は,な,ま,つ,さ,く,え,た,を,た,を,り,も,て,つ,と,と,な,つ,け,て,よ,そ,へ,て,も,み,む
ゆ,き,さ,む,み,さ,け,と,き,か,れ,ぬ,う,め,の,は,な,な,ほ,こ,の,こ,ろ,は,し,か,と,あ,る,か,は
う,め,の,は,な,さ,き,て,ち,る,と,は,し,ら,ぬ,か,も,い,ま,ま,て,い,も,か,い,て,て,あ,ひ,み,ぬ
わ,か,や,と,に,さ,き,た,る,う,め,を,つ,き,き,よ,み,よ,る,よ,る,き,つ,つ,み,む,ひ,と,も,か,な
か,せ,は,や,み,お,ち,た,き,つ,ら,し,し,ら,な,み,に,か,は,つ,な,く,な,り,あ,さ,ゆ,ふ,こ,と,に
か,は,み,つ,に,か,は,つ,な,く,な,り,ゆ,ふ,さ,れ,は,こ,ろ,も,て,さ,む,み,つ,ま,ま,く,ら,せ,む
わ,か,せ,こ,を,な,ら,し,の,を,か,の,よ,ふ,こ,と,り,き,み,よ,ひ,か,へ,せ,よ,の,ふ,け,ぬ,と,に
よ,そ,に,あ,り,て,く,も,ゐ,に,み,ゆ,る,そ,の,う,へ,に,さ,き,ち,る,は,な,を,と,ら,て,は,あ,ら
あ,さ,な,あ,さ,な,わ,か,み,る,や,な,き,う,く,ひ,す,の,き,ゐ,て,な,く,へ,き,と,き,に,は,あ,ら
あ,を,や,き,の,か,つ,ら,に,す,へ,く,あ,る,ま,て,に,ま,て,と,も,な,か,ぬ,う,く,ひ,す,の,こ,ゑ
は,る,さ,め,の,う,ち,ふ,る,こ,と,に,わ,か,や,と,の,や,な,き,か,え,た,は,い,ろ,つ,き,に,け,り
い,ま,さ,ら,に,ゆ,き,ふ,ら,め,や,も,か,け,ろ,ふ,の,も,ゆ,る,は,る,ひ,と,な,り,に,し,も,の,を
は,る,さ,め,に,も,ゆ,る,あ,を,や,き,て,に,も,ち,て,ひ,こ,と,に,み,れ,と,あ,か,ぬ,き,み,か,な
こ,こ,に,き,て,か,す,か,の,は,ら,を,み,わ,た,せ,は,こ,ま,つ,か,う,へ,に,か,す,み,た,な,ひ,く
わ,か,や,と,に,な,き,し,か,り,か,ね,く,も,の,う,へ,に,こ,よ,ひ,な,く,な,り,く,に,へ,ゆ,く,か
は,る,さ,れ,は,の,へ,に,な,き,て,し,う,く,ひ,す,の,こ,ゑ,も,き,こ,え,す,こ,ひ,の,し,け,さ,に
は,る,か,す,み,た,な,ひ,く,や,ま,の,さ,く,ら,は,な,は,や,く,み,て,ま,し,ち,り,す,き,に,け,り
さ,く,ら,は,な,え,た,に,な,れ,た,る,う,く,ひ,す,の,う,つ,し,こ,こ,ろ,も,わ,か,お,も,は,な,く
わ,か,や,と,の,い,け,の,ふ,ち,な,み,さ,き,に,け,り,や,ま,ほ,と,と,き,す,い,つ,か,き,な,か,む
た,こ,の,う,ら,そ,こ,さ,へ,に,ほ,ふ,ふ,ち,な,み,を,か,さ,し,て,ゆ,か,む,み,ぬ,ひ,と,の,た,め
ほ,と,と,き,す,か,よ,ふ,か,き,ね,の,う,の,は,な,の,う,き,こ,と,あ,れ,や,き,み,か,き,ま,さ,ぬ
ほ,と,と,き,す,な,く,や,さ,つ,き,の,み,し,か,よ,も,ひ,と,り,し,ぬ,れ,は,あ,か,し,か,ね,つ,も
わ,れ,こ,そ,は,に,く,く,も,あ,ら,め,わ,か,や,と,の,は,な,た,ち,は,な,を,み,に,は,こ,し,と,や
わ,か,や,と,の,は,な,た,ち,は,な,に,ほ,と,と,き,す,さ,け,ひ,て,な,か,む,こ,ひ,の,し,け,き,に
か,た,よ,り,に,い,と,を,こ,そ,よ,れ,わ,か,せ,こ,か,は,な,た,ち,は,な,を,ぬ,か,む,と,お,も,ひ
わ,か,せ,こ,を,う,ら,ま,ち,か,ね,て,ほ,と,と,き,す,い,た,く,な,か,な,む,こ,ひ,も,や,む,や,と
わ,か,こ,と,く,き,み,を,ま,つ,と,や,ほ,と,と,き,す,こ,よ,ひ,す,か,ら,に,い,ね,か,て,に,す,る
は,き,の,は,な,え,た,も,た,わ,わ,に,つ,ゆ,の,お,き,さ,む,く,も,な,つ,の,な,り,に,け,る,か,な
に,は,く,さ,に,む,ら,さ,め,ふ,り,て,ひ,く,ら,し,の,な,く,こ,ゑ,き,け,は,あ,き,は,き,に,け,り
あ,ま,の,か,は,と,ほ,き,わ,た,り,に,あ,ら,ね,と,も,き,み,か,ふ,な,て,は,と,し,に,こ,そ,ま,て
わ,た,し,も,り,ふ,ね,は,や,わ,た,せ,お,と,よ,は,ふ,こ,ゑ,も,き,か,ぬ,か,か,ち,お,と,も,せ,す
わ,た,し,も,り,ふ,ね,は,や,わ,た,せ,ひ,と,と,せ,に,ふ,た,た,ひ,き,ま,す,き,み,な,ら,な,く,に
と,し,に,あ,ひ,て,ひ,と,よ,い,も,に,あ,ふ,ひ,こ,ほ,し,の,わ,れ,に,ま,さ,り,て,お,も,ふ,ら,む
と,し,の,こ,ひ,こ,よ,ひ,つ,く,し,て,あ,す,よ,り,は,つ,ね,の,こ,と,に,や,わ,か,こ,ひ,を,ら,む
あ,は,す,て,は,け,な,か,き,も,の,を,あ,ま,の,か,は,ふ,な,て,は,せ,ま,し,よ,の,ふ,け,ぬ,と,き
あ,は,す,て,は,け,な,か,き,も,の,を,あ,ま,の,か,は,へ,た,て,て,ま,た,そ,わ,か,こ,ひ,を,ら,む
ひ,こ,ほ,し,と,た,な,は,た,つ,め,と,こ,よ,ひ,あ,は,む,あ,ま,の,か,は,ら,に,な,み,た,つ,な,ゆ
あ,ま,の,か,は,き,り,た,ち,わ,た,り,ひ,こ,ほ,し,の,か,ち,お,と,き,こ,ゆ,よ,の,ふ,け,ゆ,け,は
あ,ま,の,か,は,う,ち,は,し,わ,た,し,い,も,か,い,へ,に,や,ま,す,か,よ,は,む,と,き,ま,た,す,と
あ,ま,の,か,は,せ,を,は,や,み,か,も,う,は,た,ま,の,よ,は,ふ,け,ゆ,け,と,あ,は,ぬ,ひ,こ,ほ,し
あ,ま,の,か,は,よ,は,ふ,け,ゆ,き,て,さ,ぬ,る,よ,は,と,し,の,わ,た,り,に,た,た,ひ,と,よ,の,み
た,な,は,た,の,こ,よ,ひ,あ,ひ,な,は,つ,ね,の,こ,と,あ,き,を,へ,た,つ,る,こ,と,な,か,ら,な,む
あ,ま,の,か,は,こ,そ,の,わ,た,り,は,あ,せ,に,け,り,き,み,か,き,ま,さ,む,あ,と,の,し,ら,な,み
あ,ま,の,か,は,せ,せ,の,し,ら,な,み,ふ,か,け,れ,と,た,た,わ,た,り,し,ぬ,ま,て,は,す,へ,な,し
い,も,に,あ,ふ,と,き,か,た,ま,つ,と,ひ,さ,か,た,の,あ,ま,の,か,は,ら,に,つ,き,そ,へ,に,け,る
こ,ふ,る,ひ,は,け,な,か,き,も,の,を,こ,よ,ひ,さ,へ,と,も,し,か,る,へ,く,あ,ふ,へ,き,も,の,を
ひ,こ,ほ,し,の,つ,ま,ま,つ,ふ,ね,の,ひ,き,つ,な,の,た,え,む,と,き,み,に,わ,か,お,も,は,な,く
か,み,な,ひ,の,や,ま,し,た,と,よ,み,ゆ,く,み,つ,に,か,は,つ,な,く,な,り,あ,き,と,い,は,は,や
こ,ひ,つ,つ,も,い,な,は,か,き,わ,け,わ,か,を,れ,は,と,も,し,く,も,あ,ら,す,あ,き,の,は,つ,か
ゆ,ふ,た,ち,の,あ,め,ふ,る,こ,と,に,か,す,か,の,の,を,は,な,か,う,へ,の,し,ら,つ,ゆ,お,も,ふ
こ,の,く,れ,に,あ,き,か,せ,ふ,き,ぬ,し,ら,つ,ゆ,の,あ,ら,そ,ふ,は,な,の,あ,す,か,み,さ,ら,む
て,ま,も,な,く,う,ゑ,し,く,さ,は,を,い,て,み,れ,は,や,と,の,は,つ,は,き,さ,き,に,け,る,か,も
あ,き,か,せ,は,す,す,し,く,な,り,ぬ,こ,ま,な,へ,て,い,さ,み,に,ゆ,か,む,は,き,の,は,な,み,に
し,ら,つ,ゆ,の,お,か,ま,く,を,し,き,あ,き,は,き,を,を,り,の,み,を,り,て,お,き,や,か,ら,さ,む
あ,き,の,た,の,か,り,ほ,の,や,と,の,に,ほ,ふ,ま,て,さ,け,る,あ,き,は,き,み,れ,と,あ,か,ぬ,か
は,る,さ,れ,は,か,す,み,か,く,れ,に,み,え,さ,り,し,あ,き,は,き,さ,け,り,を,り,て,か,さ,さ,む
わ,か,ま,ち,し,あ,き,は,き,た,り,ぬ,か,か,れ,と,も,は,き,の,は,な,こ,そ,ひ,ら,け,さ,り,け,れ
み,な,ひ,と,は,は,き,を,あ,き,と,い,ふ,い,な,わ,れ,は,を,は,な,か,す,ゑ,を,あ,き,と,は,い,は
た,ま,ほ,こ,の,き,み,か,つ,か,ひ,の,た,を,り,た,る,こ,の,あ,き,は,き,は,み,れ,と,あ,か,ぬ,か
こ,の,よ,ら,は,さ,よ,ふ,け,ぬ,ら,し,か,り,か,ね,の,き,こ,ゆ,る,そ,ら,は,つ,き,わ,た,る,み,ゆ
わ,か,や,と,に,さ,け,る,あ,き,は,き,あ,き,な,ら,は,わ,か,ま,つ,ひ,と,に,み,せ,ま,し,も,の,を
わ,か,や,と,に,う,ゑ,お,ほ,し,た,る,あ,き,は,き,を,た,れ,か,し,め,さ,す,わ,れ,に,し,ら,せ,て
わ,き,も,こ,に,ゆ,き,あ,ひ,の,わ,さ,を,か,る,と,き,に,な,り,に,け,ら,し,な,は,き,の,は,な,さ
わ,き,も,こ,か,あ,か,も,ぬ,ら,し,て,う,ゑ,し,た,を,か,り,て,を,さ,め,む,く,ら,な,し,の,や,ま
あ,き,き,り,の,た,な,ひ,く,を,の,の,は,き,か,は,な,い,ま,や,ち,る,ら,む,い,ま,た,あ,か,な,く
こ,ひ,し,く,は,か,た,み,に,せ,よ,と,わ,か,せ,こ,か,う,ゑ,し,あ,き,は,き,は,な,さ,き,に,け,り
あ,き,さ,れ,は,い,も,に,み,せ,む,と,う,ゑ,し,は,き,つ,ゆ,し,も,お,き,て,ち,り,に,け,る,か,も
あ,き,は,き,に,お,け,る,し,ら,つ,ゆ,あ,さ,な,あ,さ,な,た,ま,と,こ,そ,み,れ,お,け,る,し,ら,つ
し,ら,つ,ゆ,と,あ,き,の,は,な,と,を,こ,き,ま,せ,て,あ,く,こ,と,か,た,き,わ,か,こ,こ,ろ,か,な
こ,の,こ,ろ,の,あ,き,か,せ,さ,む,み,わ,か,や,と,の,は,き,の,し,た,は,は,い,ろ,つ,き,に,け,り
あ,き,は,き,を,を,ら,す,な,か,め,の,ふ,る,こ,ろ,は,ひ,と,り,お,き,ゐ,て,こ,ふ,る,こ,と,お,ほ
あ,き,か,せ,は,ひ,こ,と,に,ふ,き,ぬ,た,か,ま,つ,の,の,へ,の,あ,き,は,き,ち,ら,ま,く,を,し,み
か,り,か,ね,の,き,な,か,む,ひ,ま,て,み,つ,つ,あ,ら,し,こ,の,は,き,は,ら,に,あ,め,な,ふ,り,こ
わ,か,こ,ろ,も,す,れ,る,に,は,あ,ら,す,た,か,ま,つ,の,の,を,ゆ,く,し,か,は,は,き,の,す,れ,る
さ,き,ぬ,と,も,し,ら,れ,し,わ,れ,は,た,た,に,あ,ら,む,こ,の,あ,き,は,き,に,し,ら,て,を,あ,ら
み,ま,ほ,し,く,わ,か,ま,ち,こ,ひ,し,あ,き,は,き,は,え,た,も,た,わ,わ,に,は,な,さ,き,に,け,り
あ,き,か,せ,の,ひ,こ,と,に,ふ,け,は,つ,ゆ,か,さ,ね,は,き,の,し,た,は,も,い,ろ,つ,き,に,け,り
あ,き,は,き,は,ち,り,は,て,ぬ,へ,み,た,ち,よ,り,て,み,れ,と,も,あ,か,す,き,み,と,し,あ,れ,は
よ,を,さ,む,み,こ,ろ,も,か,り,か,ね,な,く,な,へ,に,は,き,の,し,た,は,は,い,ろ,つ,き,に,け,り
さ,を,し,か,の,あ,さ,ふ,す,を,の,の,く,さ,わ,か,み,か,く,ろ,ひ,か,ね,て,ひ,と,に,し,ら,る,な
か,り,か,ね,は,い,ま,そ,き,な,か,ぬ,わ,か,ま,ち,し,も,み,ち,は,や,つ,け,ま,て,は,く,る,し,も
か,り,か,ね,の,は,つ,こ,ゑ,き,き,て,さ,き,て,た,る,の,へ,の,あ,き,は,き,み,に,こ,わ,か,せ,こ
か,り,か,ね,を,き,き,つ,る,な,へ,に,た,か,ま,つ,の,の,の,う,へ,く,さ,は,い,ろ,つ,き,に,け,り
か,り,か,ね,の,さ,む,き,ゆ,ふ,へ,の,つ,ゆ,な,ら,む,か,す,か,の,や,ま,を,も,み,た,す,も,の,は
か,り,か,ね,の,こ,ゑ,き,く,か,ら,に,あ,す,よ,り,は,か,す,か,の,や,ま,も,も,み,ち,そ,め,な,む
か,り,か,ね,の,さ,む,く,な,る,よ,り,み,つ,く,き,の,を,か,の,こ,の,は,は,い,ろ,つ,き,に,け,り
あ,き,か,せ,の,さ,む,く,ふ,く,な,へ,わ,か,や,と,の,あ,さ,ち,か,す,ゑ,は,い,ろ,つ,き,に,け,り
あ,さ,か,ほ,は,あ,さ,つ,ゆ,お,き,て,さ,く,と,い,へ,と,ゆ,ふ,か,け,に,こ,そ,さ,き,か,か,り,け
て,に,と,れ,は,そ,て,さ,へ,に,ほ,ふ,を,み,な,へ,し,こ,の,し,た,つ,ゆ,に,ち,ら,ま,く,を,し,み
こ,と,さ,ら,に,こ,ろ,も,は,す,ら,し,を,み,な,へ,し,さ,く,の,の,は,な,に,に,ほ,ひ,て,を,ら,む
や,ま,ち,か,く,い,へ,を,し,を,れ,は,さ,を,し,か,の,こ,ゑ,を,き,き,つ,つ,い,ね,む,こ,ろ,か,も
か,け,く,さ,の,お,ひ,た,る,や,と,の,ゆ,ふ,か,け,に,な,く,ひ,く,ら,し,は,き,け,と,あ,か,ぬ,か
あ,し,ひ,き,の,や,ま,な,ら,ま,せ,は,さ,を,し,か,の,つ,ま,よ,ふ,こ,ゑ,を,き,か,ま,し,も,の,を
ゆ,ふ,か,け,て,な,く,ひ,く,ら,し,の,そ,く,は,く,の,ひ,こ,と,に,き,け,と,あ,か,ぬ,き,み,か,も
わ,か,や,と,の,を,は,な,お,し,な,ひ,お,く,つ,ゆ,の,て,ふ,れ,わ,き,も,こ,ち,ら,ま,く,も,を,し
あ,き,さ,れ,は,お,く,し,ら,つ,ゆ,に,わ,か,や,と,の,あ,さ,ち,か,う,れ,は,い,ろ,つ,き,に,け,り
あ,き,か,せ,の,ひ,こ,と,に,ふ,け,は,み,つ,く,き,の,を,か,の,こ,の,は,も,い,ろ,つ,き,に,け,り
ひ,と,と,せ,に,ふ,た,た,ひ,ゆ,か,ぬ,あ,き,や,ま,を,こ,こ,ろ,に,あ,か,す,す,く,し,つ,る,か,な
わ,か,や,と,に,ま,も,る,た,み,れ,と,あ,き,の,う,み,の,う,ら,の,あ,き,は,き,す,す,き,お,も,ほ
わ,か,せ,こ,か,か,さ,し,の,は,な,に,お,く,つ,ゆ,を,き,よ,く,み,せ,む,と,つ,き,は,て,る,ら,し
あ,き,の,は,な,さ,き,た,る,の,へ,の,ひ,く,ら,し,の,な,く,な,る,と,も,に,あ,き,か,せ,そ,ふ,く
お,く,や,ま,に,あ,り,て,ふ,し,か,の,よ,ひ,さ,ら,す,つ,ま,よ,ふ,は,き,の,ち,ら,ま,く,を,し,も
し,ら,つ,ゆ,に,あ,ら,そ,ひ,か,ね,て,さ,け,る,は,き,ち,ら,は,を,し,く,も,あ,め,な,ふ,り,こ,そ
た,つ,か,ね,の,け,さ,な,く,の,へ,に,か,り,か,ね,の,い,つ,く,を,さ,し,て,く,も,か,く,る,ら,む
う,は,た,ま,の,よ,な,か,は,か,り,は,お,ほ,つ,か,な,い,く,よ,を,へ,て,か,お,の,か,な,を,よ,ふ
こ,の,こ,ろ,の,あ,き,の,あ,さ,け,の,き,り,か,く,れ,つ,ま,よ,ふ,し,か,の,こ,ゑ,の,さ,や,け,き
や,ま,へ,ま,た,い,た,せ,る,と,し,は,お,ほ,か,れ,と,み,ね,に,も,を,に,も,さ,を,し,か,の,な,く
き,り,き,り,す,わ,か,と,こ,の,う,へ,に,な,き,あ,か,す,お,き,い,て,ぬ,る,に,ぬ,れ,と,ね,ら,れ
し,ら,つ,ゆ,を,と,ら,は,け,ぬ,へ,み,い,さ,も,に,も,つ,ゆ,に,い,そ,ひ,て,は,き,の,あ,そ,ひ,せ
ま,す,か,か,み,み,な,ふ,ち,や,ま,は,け,ふ,も,か,も,し,ら,つ,ゆ,お,き,て,も,み,ち,ち,る,ら,む
あ,か,つ,き,の,し,く,れ,の,あ,め,に,ぬ,れ,わ,た,り,か,す,か,の,や,ま,は,い,ろ,つ,き,に,け,り
あ,き,や,ま,を,ゆ,め,ひ,と,か,く,な,わ,す,れ,に,し,そ,の,も,み,ち,は,の,お,も,ほ,ゆ,る,か,も
も,の,お,も,ふ,と,か,く,れ,の,み,ゐ,て,け,さ,み,れ,は,か,す,か,の,や,ま,は,い,ろ,つ,き,に,け
も,み,ち,ち,る,と,き,に,な,る,ら,し,つ,ま,を,と,こ,か,つ,ら,の,い,た,く,い,ろ,つ,き,ぬ,れ,は
あ,き,の,た,の,ほ,む,け,の,か,せ,の,か,た,よ,り,に,わ,れ,は,も,の,お,も,ふ,つ,れ,な,き,も,の
さ,を,し,か,の,を,の,の,く,さ,ふ,し,い,ち,し,る,く,わ,れ,も,と,は,ぬ,に,ひ,と,の,し,る,ら,む
わ,か,や,と,の,は,き,さ,き,に,け,り,ち,ら,ぬ,ま,に,と,く,み,に,こ,な,む,み,や,こ,さ,と,ひ,と
く,さ,ふ,か,み,き,り,き,り,す,お,ほ,く,な,く,や,と,の,は,き,み,に,き,み,は,い,つ,か,き,ま,さ
ふ,る,さ,と,の,は,つ,も,み,ち,は,を,た,を,り,つ,つ,い,ま,そ,わ,か,く,る,み,ぬ,ひ,と,の,た,め
こ,こ,ろ,な,き,あ,き,の,つ,き,よ,の,も,の,お,も,ひ,に,ぬ,れ,と,ね,ら,れ,す,て,ら,し,つ,つ,ふ
あ,さ,な,あ,さ,な,た,ち,か,は,き,り,を,さ,む,み,か,も,た,か,は,し,や,ま,の,も,み,ち,そ,め,け
あ,き,く,れ,は,か,ふ,り,の,や,ま,に,た,つ,き,り,を,う,み,と,そ,み,つ,る,な,み,た,た,な,く,に
あ,き,は,き,を,か,り,に,あ,は,し,と,い,へ,れ,は,か,こ,ゑ,を,き,き,て,は,は,な,の,さ,く,ら,む
さ,を,し,か,の,こ,ひ,を,し,の,ふ,と,な,く,こ,ゑ,の,い,は,む,か,き,り,は,な,ひ,け,は,き,は,ら
な,と,し,か,の,わ,ひ,な,き,す,ら,む,よ,そ,に,て,も,あ,き,の,の,は,き,に,し,け,く,あ,る,ら,む
あ,し,ひ,き,の,や,ま,の,こ,か,け,に,な,く,し,か,の,こ,ゑ,も,し,の,は,す,や,ま,た,も,ら,す,と
あ,き,か,せ,は,さ,む,く,ふ,く,な,り,わ,か,や,と,の,あ,さ,ち,か,も,と,に,き,り,き,り,す,な,く
あ,き,の,の,の,を,は,な,か,く,れ,に,な,く,む,し,の,こ,ゑ,を,き,け,は,か,わ,れ,も,わ,き,も,も
あ,き,は,き,の,え,た,も,た,わ,わ,に,つ,ゆ,も,お,き,さ,む,く,も,あ,き,の,な,り,に,け,る,か,な
は,る,は,も,え,な,つ,は,み,と,り,に,く,れ,な,ゐ,の,い,ろ,に,み,ゆ,め,る,あ,き,の,や,ま,か,な
い,も,か,そ,て,ま,き,の,あ,さ,き,り,を,し,む,ら,む,も,み,ち,は,ち,れ,る,く,ち,を,し,き,か,も
も,み,ち,は,の,に,ほ,ひ,は,し,け,く,な,り,ぬ,と,も,つ,ま,な,し,の,き,を,た,を,り,か,さ,さ,む
つ,ゆ,し,も,の,さ,む,き,ゆ,ふ,へ,の,や,ま,か,せ,に,も,み,ち,し,に,け,る,つ,ま,な,し,の,き,は
か,り,か,ね,の,き,な,き,し,か,ら,に,か,ら,こ,ろ,も,た,つ,た,の,や,ま,は,も,み,ち,は,し,ま,む
か,せ,ふ,け,は,も,み,ち,ち,り,つ,つ,し,は,ら,く,も,わ,か,ま,つ,は,ら,に,き,よ,か,ら,な,く,に
い,も,こ,そ,は,い,ま,お,き,て,ゆ,け,い,こ,ま,や,ま,う,ち,こ,え,く,れ,は,も,み,ち,ち,り,つ,つ
あ,き,は,き,の,し,た,は,の,も,み,ち,い,ろ,に,い,て,て,と,き,す,き,ぬ,れ,は,の,ち,こ,ひ,む,か
い,ろ,つ,き,ぬ,あ,り,あ,け,の,つ,き,も,な,ふ,り,こ,そ,い,も,か,た,も,と,も,ま,か,ぬ,こ,の,ひ
く,れ,な,ゐ,の,や,し,ほ,の,あ,め,は,ふ,り,け,ら,し,か,す,か,の,や,ま,の,い,ろ,つ,く,み,れ,は
あ,や,し,く,も,き,な,か,ぬ,か,り,か,し,ら,つ,ゆ,の,お,き,て,あ,し,た,は,さ,ひ,し,き,も,の,を
わ,か,や,と,の,あ,さ,ち,ふ,ま,て,も,い,ろ,つ,き,ぬ,ま,た,こ,ぬ,き,み,は,な,に,の,こ,こ,ろ,そ
い,も,か,ひ,も,と,く,と,む,す,ふ,と,た,つ,た,や,ま,い,ま,こ,そ,も,み,ち,は,し,め,た,り,け,れ
あ,し,ひ,き,の,や,ま,た,の,い,ね,は,ひ,て,す,と,も,つ,な,た,に,は,へ,よ,も,る,と,し,る,か,ね
た,か,ま,つ,の,こ,の,み,ね,こ,と,に,か,せ,ふ,き,て,も,み,ち,た,え,た,る,あ,き,の,つ,き,か,な
あ,き,や,ま,の,こ,の,は,も,い,ま,た,も,み,ち,ね,は,け,さ,ふ,く,か,せ,は,し,も,も,け,ぬ,へ,し
い,も,を,こ,ひ,と,こ,し,の,い,け,の,な,み,ま,よ,り,と,り,の,ね,き,こ,ゆ,あ,き,は,き,ぬ,ら,し
け,ふ,く,れ,て,あ,す,に,な,ら,な,む,か,み,な,つ,き,し,く,れ,に,ま,か,ふ,も,み,ち,か,さ,さ,む
た,つ,た,か,は,も,み,ち,み,た,れ,て,な,か,る,め,り,わ,た,ら,は,に,し,き,な,か,や,た,え,な,む
た,つ,た,か,は,も,み,ち,は,な,か,る,か,み,な,ひ,の,み,む,ろ,の,や,ま,に,し,く,れ,ふ,る,ら,し
し,く,れ,の,あ,め,ま,な,く,し,ふ,れ,は,ま,き,の,は,も,あ,ら,そ,ひ,か,ね,て,い,ろ,つ,き,に,け
た,ま,た,す,き,か,け,ぬ,と,き,な,く,わ,か,ま,ち,し,し,く,れ,し,あ,ら,は,ぬ,れ,つ,つ,も,ゆ,か
も,み,ち,は,を,お,と,す,し,く,れ,の,ふ,る,こ,ろ,は,よ,さ,へ,そ,さ,む,き,ひ,と,り,し,ぬ,れ,は
お,も,は,す,に,し,く,れ,の,あ,め,は,ふ,り,た,れ,と,あ,ま,く,も,は,れ,て,つ,き,は,き,よ,き,を
き,み,か,い,へ,の,と,も,し,き,も,み,ち,と,く,は,ち,る,し,く,れ,の,あ,め,に,ぬ,ら,さ,さ,ら,な
あ,き,た,も,る,ひ,た,の,い,ほ,り,に,し,く,れ,ふ,り,わ,か,そ,て,ぬ,れ,ぬ,ほ,す,ひ,と,な,し,に
あ,ま,く,も,の,よ,そ,の,か,り,か,ね,き,き,し,よ,り,は,た,れ,し,も,ふ,り,さ,む,し,こ,の,よ,は
さ,を,し,か,の,つ,ま,よ,ふ,や,ま,の,を,か,へ,な,る,わ,さ,た,は,か,ら,し,し,も,は,お,く,と,も
お,し,て,る,や,な,に,は,ほ,り,え,の,あ,し,へ,に,は,か,り,ね,た,る,ら,し,し,も,の,ふ,れ,る,に
い,そ,く,と,も,よ,ふ,か,く,ゆ,く,な,み,ち,の,へ,の,こ,さ,さ,か,う,へ,に,し,も,の,ふ,れ,る,に
や,た,の,の,に,あ,さ,ち,い,ろ,つ,く,あ,ら,ち,や,ま,み,ね,の,あ,は,ゆ,き,さ,む,く,そ,あ,る,ら
あ,さ,つ,き,の,み,ね,な,ほ,く,も,る,う,へ,し,こ,そ,ま,か,き,の,う,ち,の,ゆ,き,け,さ,え,け,り
こ,と,な,ら,は,そ,て,さ,へ,ぬ,れ,て,か,よ,ふ,へ,く,ふ,り,な,む,ゆ,き,の,そ,ら,に,は,れ,ゆ,く
あ,は,ゆ,き,は,け,さ,は,な,ふ,り,そ,し,ろ,た,へ,の,そ,て,ま,き,ほ,さ,む,い,も,か,あ,ら,な,く
い,と,い,た,く,ふ,ら,ぬ,ゆ,き,ゆ,ゑ,こ,と,お,ほ,け,に,あ,ま,つ,み,そ,ら,は,く,も,り,あ,ひ,つ
い,も,か,い,へ,は,わ,れ,ま,と,は,し,つ,ひ,さ,か,た,の,そ,ら,よ,り,ゆ,き,の,な,へ,て,ふ,れ,れ
ふ,る,ゆ,き,の,そ,ら,に,け,ぬ,へ,く,お,も,へ,と,も,あ,ふ,よ,し,も,な,み,と,し,そ,へ,に,け,る
さ,さ,の,は,に,は,た,れ,ふ,り,お,ふ,ひ,け,な,か,く,も,わ,す,れ,す,と,い,は,は,わ,れ,も,た,の
あ,ら,れ,ふ,り,い,た,く,も,ふ,ふ,き,さ,む,き,よ,は,は,た,の,に,こ,よ,ひ,か,り,ひ,と,の,ね,む
あ,ま,を,と,め,の,ほ,る,の,や,ま,の,み,ね,に,ふ,る,ゆ,き,は,き,え,し,と,つ,け,よ,そ,の,こ,に
あ,ま,と,ふ,や,か,り,の,つ,は,さ,の,お,ほ,ひ,は,の,い,つ,く,も,り,て,か,し,も,の,お,く,ら,む
わ,か,せ,こ,と,あ,さ,な,あ,さ,な,に,い,て,み,れ,は,あ,は,ゆ,き,ふ,り,ぬ,に,は,も,は,た,ら,に
あ,め,の,う,み,に,く,も,の,な,み,た,つ,つ,き,の,ふ,ね,ほ,し,の,は,や,し,に,こ,き,か,へ,る,み
つ,ね,は,さ,も,お,も,は,ぬ,も,の,を,こ,の,つ,き,の,す,き,か,く,れ,ゆ,く,を,し,き,よ,ひ,か,な
あ,す,の,よ,を,て,ら,す,つ,き,か,け,か,た,よ,り,に,こ,よ,ひ,に,よ,り,て,よ,な,か,か,ら,な,む
た,ま,た,れ,の,こ,す,の,ま,と,ほ,し,ひ,と,り,ゐ,て,み,る,し,る,し,な,き,ゆ,ふ,つ,く,よ,か,な
も,も,し,き,の,お,ほ,み,や,ひ,と,の,ま,か,り,い,て,て,あ,そ,ふ,こ,よ,ひ,の,つ,き,の,さ,や,け
ま,す,か,か,み,て,る,つ,き,か,け,を,し,ろ,た,へ,の,く,も,か,く,せ,る,か,あ,ま,つ,き,り,か,も
あ,し,ひ,き,の,や,ま,か,は,の,せ,の,あ,る,な,へ,に,つ,き,ゆ,み,な,か,く,く,も,た,ち,わ,た,る
お,ほ,う,み,は,し,ま,も,あ,ら,な,く,に,う,な,は,ら,や,た,ゆ,た,ふ,な,み,に,た,て,る,し,ら,く
わ,か,せ,こ,か,は,か,ま,の,う,ら,を,そ,め,む,と,て,け,ふ,の,こ,し,あ,め,に,わ,れ,そ,ぬ,れ,ぬ
な,る,か,み,の,お,と,に,の,み,き,く,ま,き,も,く,の,ひ,は,ら,の,や,ま,を,け,ふ,み,つ,る,か,な
い,に,し,へ,の,こ,と,は,し,ら,ね,と,わ,か,み,て,も,ひ,さ,し,く,な,り,ぬ,あ,ま,の,か,く,や,ま
お,ほ,き,み,の,み,か,さ,の,や,ま,の,お,ひ,に,せ,る,ほ,そ,た,に,か,は,の,お,と,の,さ,や,け,き
さ,ほ,か,は,に,あ,そ,ふ,ち,と,り,の,さ,よ,ふ,け,て,な,く,こ,ゑ,き,け,は,い,こ,そ,ね,ら,れ,ね
み,な,ひ,と,の,こ,ひ,し,み,よ,し,の,け,ふ,み,れ,は,う,へ,も,い,ひ,け,り,や,ま,か,は,き,よ,み
う,ち,か,は,に,お,ひ,た,る,す,か,も,か,は,き,よ,み,と,ら,て,き,に,け,る,つ,と,に,せ,ま,し,を
さ,よ,ふ,け,て,ほ,り,え,こ,く,な,る,ま,つ,ら,ふ,ね,か,ち,お,と,た,か,し,み,を,は,や,み,か,も
い,と,ま,あ,ら,は,と,り,に,き,ま,せ,よ,す,み,よ,し,の,き,し,に,お,ひ,た,る,こ,ひ,わ,す,れ,く
す,み,よ,し,の,き,し,に,こ,こ,ろ,を,お,き,つ,へ,に,よ,す,る,し,ら,な,み,み,つ,つ,お,も,ふ,ら
す,み,よ,し,の,お,き,つ,し,ら,な,み,か,せ,ふ,け,は,き,よ,れ,る,は,ま,を,み,れ,は,き,よ,し,も
ゆ,ふ,さ,れ,は,か,ち,お,と,す,な,り,あ,ま,を,ふ,ね,お,き,つ,め,か,り,に,い,つ,る,な,る,へ,し
く,さ,ま,く,ら,た,ひ,に,し,あ,れ,は,あ,き,か,せ,の,さ,む,き,ゆ,ふ,へ,に,か,り,な,き,わ,た,る
た,ま,つ,し,ま,み,れ,と,も,あ,か,す,い,か,に,し,て,つ,つ,み,も,た,ら,む,み,ぬ,ひ,と,の,た,め
う,は,た,ま,の,く,ろ,か,み,や,ま,を,あ,さ,こ,え,て,や,ま,し,た,つ,ゆ,に,ぬ,れ,に,け,る,か,も
さ,ほ,や,ま,に,た,な,ひ,く,く,も,の,た,ゆ,た,ひ,に,お,も,ふ,こ,こ,ろ,を,い,ま,そ,さ,た,む,る
あ,ま,と,ふ,や,か,り,の,つ,か,ひ,も,え,て,し,か,な,な,ら,の,み,や,こ,に,こ,と,つ,て,や,ら,む
ゆ,ふ,さ,れ,は,あ,き,か,せ,さ,む,し,わ,き,も,こ,か,と,き,あ,ら,ひ,き,ぬ,ゆ,き,て,は,や,き,む
お,ほ,な,む,ち,す,く,な,み,か,み,の,つ,く,れ,り,し,い,も,せ,の,や,ま,を,み,れ,は,と,も,し,も
た,ひ,に,な,ほ,ひ,も,と,く,も,の,を,こ,と,し,け,み,ま,ろ,ね,ひ,と,り,す,る,な,か,き,こ,よ,ひ
ふ,な,か,せ,の,か,く,ふ,く,ま,て,も,い,つ,ま,て,か,こ,ろ,も,か,た,し,き,わ,か,ひ,と,り,ね,む
い,に,し,へ,に,あ,り,け,む,ひ,と,も,わ,か,こ,と,や,み,わ,の,ひ,は,ら,に,か,さ,し,を,り,け,む
ほ,の,ほ,の,と,あ,か,し,の,う,ら,の,あ,さ,き,り,に,し,ま,か,く,れ,ゆ,く,ふ,ね,を,し,そ,お,も
も,の,の,ふ,の,や,そ,う,ち,か,は,の,あ,し,ろ,き,に,い,さ,よ,ふ,な,み,の,ゆ,く,へ,し,ら,す,も
か,み,か,せ,や,い,せ,の,は,ま,を,き,を,り,し,き,て,た,ひ,ね,や,す,ら,む,あ,ら,き,は,ま,へ,に
さ,さ,の,は,も,み,や,ま,も,そ,よ,に,み,た,る,め,り,わ,れ,は,い,も,お,も,ふ,わ,か,れ,き,ぬ,れ
か,は,の,せ,に,う,つ,ま,く,み,れ,は,た,ま,も,か,る,ち,り,み,た,れ,た,る,か,は,の,ふ,ね,か,な
さ,さ,な,み,や,お,ほ,つ,の,み,や,は,な,の,み,し,て,か,す,み,た,な,ひ,き,み,や,き,も,り,な,し
さ,さ,な,み,や,し,か,の,か,ら,さ,き,さ,き,く,あ,れ,と,お,ほ,み,や,ひ,と,の,ふ,ね,ま,ち,か,ね
お,み,の,う,み,に,ふ,な,の,り,す,ら,む,わ,き,も,こ,か,た,ま,も,の,す,そ,に,し,ほ,み,つ,ら,む
む,こ,の,う,み,の,と,ま,り,な,る,ら,し,い,さ,り,す,る,あ,ま,の,つ,り,ふ,ね,な,み,の,う,へ,に
た,ち,は,き,の,た,ふ,さ,の,す,ゑ,に,い,つ,し,か,と,お,ほ,み,や,ひ,と,の,た,ま,も,か,る,ら,む
し,ま,み,や,の,ま,か,り,の,い,け,の,は,ま,ち,と,り,ひ,と,め,を,ち,か,み,お,き,に,お,よ,は,す
い,は,み,な,る,た,か,つ,の,や,ま,の,こ,の,ま,よ,り,わ,か,ふ,る,そ,て,を,い,も,み,け,む,か,も
こ,む,ら,さ,き,ほ,す,か,は,く,れ,ぬ,い,つ,く,に,か,た,ま,や,と,か,ら,む,さ,と,は,ら,に,し,て
は,な,れ,い,そ,に,た,て,る,む,ろ,の,き,う,た,か,た,も,ひ,さ,し,き,と,し,の,す,き,に,け,る,か
こ,か,ね,や,ま,し,た,ゐ,の,し,た,に,な,く,と,り,の,こ,ゑ,た,に,き,か,は,な,に,か,な,け,か,む
こ,と,し,け,に,さ,と,に,す,ま,す,は,け,さ,な,き,し,か,り,に,た,く,ひ,て,き,な,ま,し,も,の,を
あ,ま,さ,か,る,ひ,な,の,な,か,ち,を,こ,き,く,れ,は,あ,か,し,の,と,よ,り,や,ま,と,し,ま,み,ゆ
い,は,し,ろ,の,の,な,か,に,た,て,る,む,す,ひ,ま,つ,こ,こ,ろ,も,と,け,す,む,か,し,お,も,へ,は
も,か,み,か,は,す,か,き,せ,し,よ,り,こ,こ,ろ,あ,り,て,ま,か,り,か,へ,せ,る,や,か,た,を,の,た
し,ら,な,み,は,た,て,と,こ,ろ,も,に,か,さ,な,ら,す,あ,か,し,も,す,ま,も,お,の,か,う,ら,う,ら
く,さ,か,く,れ,ゆ,く,さ,を,し,か,は,み,え,ね,と,も,い,も,か,あ,た,り,は,み,れ,は,こ,ひ,し,も
は,る,さ,め,に,こ,ろ,も,の,い,ろ,は,ひ,ち,つ,と,も,い,も,か,い,へ,ち,の,や,ま,は,こ,え,な,む
あ,し,た,さ,く,ゆ,ふ,へ,は,し,ほ,む,つ,き,く,さ,の,う,つ,ろ,ふ,い,ろ,は,ひ,と,に,そ,あ,り,け
く,た,ら,か,は,か,は,せ,を,は,や,み,わ,か,せ,こ,か,あ,し,の,そ,こ,に,も,ふ,れ,て,ふ,る,か,な
た,ひ,に,し,て,あ,た,ね,す,る,よ,の,こ,ひ,し,く,は,わ,か,い,へ,の,か,た,に,ま,く,ら,せ,よ,き
い,に,し,へ,の,ふ,る,き,お,き,な,の,い,は,ひ,つ,つ,う,ゑ,し,こ,ま,つ,は,こ,け,お,ひ,に,け,り
あ,さ,な,あ,さ,な,み,す,は,こ,ひ,な,む,く,さ,ま,く,ら,た,ひ,ゆ,く,き,み,か,か,へ,り,く,る,ま
お,も,は,す,に,ふ,く,あ,き,か,せ,か,た,ひ,ね,し,て,こ,ろ,も,か,す,へ,き,い,も,も,あ,ら,な,く
ま,ゆ,ね,か,き,ま,た,い,ふ,か,し,く,お,も,ひ,け,る,い,に,し,へ,ひ,と,に,あ,ひ,み,つ,る,か,な
お,し,て,る,や,や,ま,す,け,か,さ,を,お,き,ふ,る,し,の,ち,は,た,れ,き,む,も,の,な,ら,な,く,に
や,ま,た,か,み,し,た,ゆ,く,み,つ,の,お,ち,た,き,つ,う,ら,な,み,み,れ,と,あ,か,ぬ,き,み,か,も
み,よ,し,の,の,あ,き,つ,の,か,は,の,よ,ろ,つ,よ,に,た,ゆ,る,と,き,な,く,ま,た,か,へ,り,こ,む
ち,と,り,な,く,み,よ,し,の,か,は,の,か,は,こ,ゑ,の,な,り,や,む,と,き,は,な,き,に,お,も,ふ,き
た,き,の,う,へ,の,み,ふ,ね,の,や,ま,は,お,き,な,か,ら,お,も,ひ,わ,す,る,る,と,き,の,ま,も,な
あ,ら,の,ら,に,あ,れ,は,あ,れ,と,も,お,ほ,き,み,の,し,き,ま,す,よ,ひ,は,み,や,こ,と,な,り,ぬ
や,や,ま,し,る,わ,か,た,ま,の,を,を,お,ほ,く,に,は,や,ま,と,へ,か,と,も,お,な,し,と,そ,お,も
わ,た,つ,う,み,の,も,た,る,し,ら,た,ま,み,ま,ほ,し,き,い,は,ふ,ち,め,く,り,あ,さ,り,す,る,か
う,く,ひ,す,は,と,き,と,き,な,け,と,あ,つ,ま,ち,の,き,み,か,た,よ,り,は,ま,て,と,こ,ぬ,か,も
み,や,こ,ち,は,わ,れ,も,し,り,た,り,そ,の,み,ち,は,と,ほ,く,も,あ,ら,す,と,し,は,ふ,れ,と,も
こ,こ,は,く,に,ひ,と,は,い,へ,と,も,お,り,て,き,む,わ,か,は,た,も,の,の,し,ろ,き,あ,さ,き,ぬ
う,ち,ひ,さ,す,み,や,ち,に,あ,り,し,ひ,と,つ,ま,は,ね,た,し,た,ま,の,を,の,お,も,ひ,み,た,れ
か,の,を,か,に,を,き,か,る,を,の,こ,し,か,な,か,り,そ,あ,り,つ,つ,も,き,み,か,き,ま,さ,む
ま,す,か,か,み,み,し,か,と,お,も,ふ,い,も,に,あ,は,む,か,も,た,ま,の,を,の,た,え,た,る,こ,ひ
さ,さ,な,み,や,し,か,の,て,こ,ら,の,ま,か,り,に,し,か,は,せ,の,み,ち,を,み,れ,は,か,な,し,も
さ,さ,な,み,や,し,か,の,お,ほ,わ,た,よ,と,む,と,も,い,に,し,へ,ひ,と,に,ま,た,あ,は,め,や,も
わ,き,も,こ,か,ね,く,た,れ,か,み,を,さ,る,さ,は,の,い,け,の,た,ま,も,と,み,る,そ,か,な,し,き
ひ,さ,か,た,の,あ,め,の,ふ,る,こ,と,あ,ふ,き,み,し,み,や,の,み,こ,と,の,あ,れ,ま,く,を,し,も
つ,ま,し,あ,ら,は,つ,み,て,ゆ,か,ま,し,さ,み,の,や,ま,う,へ,の,お,は,ら,に,す,き,に,け,ら,し
お,き,つ,な,み,よ,る,あ,ら,い,そ,を,し,き,た,へ,の,ま,く,ら,と,し,て,も,な,れ,る,き,み,か,も
い,へ,に,ゆ,き,て,わ,か,や,を,み,れ,は,し,き,た,へ,の,ほ,か,に,お,き,け,る,い,も,か,こ,ま,く
こ,そ,み,て,し,あ,き,の,つ,き,よ,は,て,ら,す,と,も,あ,ひ,み,し,い,も,は,い,や,と,ほ,さ,か,る
あ,す,か,か,は,し,か,ら,み,わ,た,し,せ,か,ま,せ,は,な,か,る,る,み,つ,も,の,と,け,か,ら,ま,し
ひ,さ,か,た,の,あ,め,に,し,を,る,る,き,み,ゆ,ゑ,に,つ,き,ひ,も,し,ら,す,こ,ひ,わ,た,る,か,も
あ,き,や,ま,の,も,み,ち,を,し,け,み,ま,と,ひ,ぬ,る,い,も,を,も,と,む,と,や,ま,ち,く,ら,し,つ
い,も,や,ま,の,い,は,ね,に,お,け,る,わ,れ,を,か,も,し,ら,す,て,い,も,か,ま,ち,て,や,あ,ら,む
か,も,や,ま,の,い,は,ね,の,た,か,に,あ,る,わ,れ,を,し,ら,す,て,い,も,か,ま,ち,つ,つ,ま,せ,る
お,ほ,ふ,ね,に,ま,か,ち,し,け,ぬ,き,お,は,か,ち,を,こ,き,つ,つ,わ,た,る,つ,き,ひ,と,を,と,こ
か,み,か,せ,の,き,よ,き,ゆ,ふ,へ,に,あ,ま,の,か,は,ふ,ね,こ,き,わ,た,せ,つ,き,ひ,と,を,と,こ
あ,き,か,せ,の,ふ,き,に,し,ひ,よ,り,あ,ま,の,か,は,せ,に,た,ち,い,て,て,ま,つ,と,つ,け,こ,せ
わ,か,せ,こ,を,わ,か,こ,ひ,を,れ,は,わ,か,や,と,の,く,さ,さ,へ,お,も,ひ,う,ら,か,れ,に,け,り
み,な,と,い,り,の,あ,し,わ,け,を,ふ,ね,さ,は,り,お,ほ,み,わ,か,お,も,ふ,ひ,と,に,あ,は,ぬ,こ
か,た,い,と,も,て,つ,ら,ぬ,く,た,ま,の,を,を,よ,わ,み,み,た,れ,や,し,な,む,ひ,と,の,し,る,へ
あ,し,ひ,き,の,や,ま,し,た,と,よ,み,ゆ,く,み,つ,の,と,き,そ,と,も,な,く,こ,ひ,わ,た,る,か,も
よ,そ,に,の,み,み,つ,つ,や,こ,ひ,む,く,れ,な,ゐ,の,す,ゑ,つ,む,は,な,の,い,ろ,に,い,て,な,て
か,ら,に,し,き,ひ,も,と,き,あ,け,て,ゆ,ふ,ひ,と,も,し,ら,ぬ,い,の,ち,を,こ,ひ,つ,つ,や,あ,ら
こ,ひ,こ,ひ,て,の,ち,も,あ,は,む,と,な,く,さ,む,る,こ,こ,ろ,し,な,く,は,い,き,て,あ,ら,め,や
つ,き,し,あ,れ,は,あ,く,ら,む,わ,き,も,し,ら,す,し,て,ね,て,あ,か,し,し,も,ひ,と,み,け,む,か
こ,ひ,す,る,に,し,に,す,る,も,の,に,し,あ,ら,ま,せ,は,ち,た,ひ,そ,わ,れ,は,し,に,か,へ,ら,ま
さ,を,し,か,の,を,か,の,か,や,ふ,し,い,ち,し,る,く,わ,れ,は,し,ら,ぬ,に,ひ,と,の,し,る,ら,む
あ,し,ひ,き,の,や,ま,し,た,か,せ,は,ふ,か,ね,と,も,き,み,か,こ,ぬ,よ,は,か,ね,て,さ,む,し,も
と,に,か,く,に,も,の,は,お,も,は,す,ひ,た,た,く,み,う,つ,す,み,な,は,の,た,た,ひ,と,す,ち,に
は,ふ,り,こ,か,い,は,ふ,や,し,ろ,の,も,み,ち,は,も,し,め,を,は,こ,え,て,ち,る,と,い,ふ,も,の
こ,ひ,こ,ひ,て,こ,ひ,て,し,ね,と,や,わ,き,も,こ,か,わ,か,い,へ,の,か,と,を,す,き,て,ゆ,く,ら
ま,す,ら,を,の,う,つ,し,こ,こ,ろ,も,わ,れ,は,な,し,よ,る,ひ,る,わ,か,す,こ,ひ,し,わ,た,れ,は
こ,ひ,つ,つ,も,け,ふ,は,く,ら,し,つ,か,す,み,た,つ,あ,す,の,は,る,ひ,を,い,か,て,く,ら,さ,む
や,ま,の,は,を,さ,し,い,つ,る,つ,き,の,は,つ,は,つ,に,い,も,を,そ,み,つ,る,こ,ひ,し,き,ま,て
た,ま,ゆ,ら,に,き,の,ふ,の,く,れ,に,み,し,も,の,を,け,ふ,の,あ,し,た,に,こ,ふ,へ,き,も,の,か
か,く,は,か,り,こ,ひ,し,き,も,の,と,し,ら,ま,せ,は,よ,そ,に,そ,み,つ,る,あ,り,け,む,も,の,を
こ,ひ,し,な,は,こ,ひ,も,し,ね,と,か,た,ま,ほ,こ,の,み,ち,ゆ,き,ひ,と,に,こ,と,つ,て,も,な,し
い,は,ね,ふ,み,か,さ,な,る,や,ま,は,へ,た,て,ね,と,あ,は,ぬ,ひ,か,す,を,こ,ひ,わ,た,る,か,も
つ,る,は,み,の,あ,は,せ,の,き,ぬ,の,う,ら,に,せ,は,わ,か,そ,て,ひ,め,や,き,み,か,き,ま,さ,ぬ
し,き,た,へ,の,そ,て,か,へ,し,き,み,た,ま,た,れ,の,を,ち,の,す,き,せ,る,き,え,て,あ,ら,む,や
と,き,き,ぬ,の,お,も,ひ,み,た,れ,て,こ,ふ,れ,と,も,な,そ,な,に,ゆ,ゑ,と,と,ふ,ひ,と,も,な,き
あ,し,ひ,き,の,や,ま,た,も,る,い,ほ,に,お,く,か,ひ,の,し,た,こ,か,れ,つ,つ,わ,か,こ,ふ,ら,く
お,も,ふ,な,と,き,み,は,い,へ,と,も,あ,ふ,こ,と,を,い,つ,と,し,り,て,か,わ,か,こ,ひ,さ,ら,む
お,く,や,ま,の,い,は,か,き,ぬ,ま,の,み,こ,も,り,に,こ,ひ,や,わ,た,ら,む,あ,ふ,よ,し,を,な,み
な,に,す,と,か,き,み,を,い,と,は,む,あ,き,は,き,の,そ,の,は,つ,は,な,の,う,れ,し,き,も,の,を
あ,き,は,き,の,さ,き,ち,る,の,へ,の,ゆ,ふ,つ,ゆ,に,ぬ,れ,つ,つ,き,ま,せ,よ,は,ふ,け,ぬ,と,も
な,か,つ,き,の,あ,り,あ,け,の,つ,き,の,あ,り,つ,つ,も,き,み,し,き,ま,さ,は,わ,か,こ,ひ,め,や
わ,き,も,こ,に,あ,ふ,さ,か,や,ま,の,し,の,す,す,き,ほ,に,は,い,て,す,て,こ,ひ,わ,た,る,か,な
あ,さ,は,さ,き,ゆ,ふ,へ,は,し,ほ,む,つ,き,く,さ,の,け,ぬ,へ,き,こ,ひ,も,わ,れ,は,す,る,か,な
な,か,き,よ,を,き,み,に,こ,ひ,つ,つ,い,け,ら,す,は,さ,き,て,ち,り,に,し,は,な,な,ら,ま,し,を
あ,き,の,よ,の,つ,き,か,も,き,み,は,く,も,か,く,れ,し,は,し,も,み,ね,は,こ,ひ,し,か,る,ら,む
き,み,か,あ,た,り,み,つ,つ,を,を,ら,む,い,こ,ま,や,ま,く,も,な,か,く,し,そ,あ,め,は,ふ,る,と
け,ふ,の,ひ,の,あ,か,つ,き,か,た,に,な,く,つ,る,の,お,も,ひ,は,あ,か,す,こ,ひ,こ,そ,ま,さ,れ
き,み,こ,ふ,と,に,は,に,し,を,れ,は,う,ち,な,ひ,き,わ,か,く,ろ,か,み,に,し,も,お,き,ま,よ,ひ
す,み,よ,し,の,き,し,を,た,に,ほ,り,ま,き,し,い,ね,か,り,ほ,す,ま,て,も,あ,は,ぬ,き,み,か,な
み,か,り,す,る,か,り,は,の,を,の,の,な,ら,し,は,の,な,れ,は,ま,さ,ら,て,こ,ひ,そ,ま,さ,れ,る
く,れ,な,ゐ,の,あ,さ,は,の,の,ら,に,か,る,く,さ,の,つ,か,の,ま,も,な,く,わ,す,ら,れ,な,く,に
あ,は,ぬ,よ,の,ふ,る,し,ら,ゆ,き,と,つ,も,り,な,は,わ,れ,さ,へ,と,も,に,き,え,ぬ,へ,き,か,な
あ,し,ひ,き,の,か,つ,ら,き,や,ま,に,ゐ,る,く,も,の,た,ち,て,も,ゐ,て,も,い,も,を,し,そ,お,も
か,せ,ふ,け,は,な,み,た,つ,き,し,の,ま,つ,な,れ,や,ね,に,あ,ら,は,れ,て,な,き,ぬ,へ,ら,な,り
み,く,ま,の,の,う,ら,の,は,ま,ゆ,ふ,も,も,へ,な,る,こ,こ,ろ,は,お,も,へ,と,た,た,に,あ,は,ぬ
こ,の,こ,ろ,の,あ,り,あ,け,の,つ,き,の,あ,り,つ,つ,も,き,み,を,は,お,き,て,ま,つ,ひ,と,も,な
よ,そ,に,し,て,こ,ひ,は,し,ぬ,れ,と,い,ち,し,る,く,い,ろ,に,は,い,て,し,あ,さ,か,ほ,の,は,な
こ,と,に,い,て,て,い,は,は,ゆ,ゆ,し,も,あ,さ,か,ほ,の,に,ほ,ひ,ひ,ら,け,ぬ,こ,ひ,も,す,る,か
あ,つ,さ,ゆ,み,ひ,き,み,ひ,か,す,み,こ,す,は,こ,す,こ,は,こ,そ,は,な,そ,よ,そ,に,こ,そ,み,め
た,ら,ち,ね,の,お,や,の,か,ふ,こ,の,ま,ゆ,こ,も,り,い,ふ,せ,く,も,あ,る,か,き,み,に,あ,は,す
み,や,き,ひ,く,い,つ,み,の,そ,ま,に,た,つ,た,み,の,や,む,と,き,も,な,く,わ,か,こ,ふ,ら,く,は
あ,さ,し,も,の,き,え,み,き,え,す,み,お,も,へ,と,も,い,か,て,こ,よ,ひ,を,あ,か,し,つ,る,か,も
ち,は,や,ふ,る,か,み,の,い,か,き,も,こ,え,ぬ,へ,し,い,ま,は,わ,か,み,の,を,し,け,く,も,な,し
こ,ふ,る,ひ,の,け,な,か,く,あ,れ,と,み,そ,の,ふ,の,か,ら,あ,や,の,は,な,の,い,ろ,に,い,て,に
み,な,ひ,と,の,か,さ,に,ぬ,ふ,て,ふ,あ,り,ま,す,け,あ,り,て,の,の,ち,も,あ,は,む,と,そ,お,も
ま,す,か,か,み,て,に,と,り,も,ち,て,あ,さ,な,あ,さ,な,み,れ,と,も,あ,か,ぬ,き,み,に,も,あ,る
あ,さ,ね,か,み,わ,れ,は,け,つ,ら,し,う,つ,く,し,き,ひ,と,の,た,ま,く,ら,ふ,れ,て,し,も,の,を
ひ,さ,か,た,の,あ,ま,て,る,つ,き,も,か,く,れ,ゆ,く,な,に,に,よ,そ,へ,て,い,も,を,し,の,は,む
み,か,つ,き,の,さ,や,け,く,も,あ,ら,す,く,も,か,く,れ,み,ま,く,そ,ほ,し,き,う,た,て,こ,の,こ
あ,ひ,み,て,は,い,く,ひ,さ,し,さ,に,も,あ,ら,ね,と,も,と,し,つ,き,の,こ,と,お,も,ほ,ゆ,る,か
た,の,め,つ,つ,こ,ぬ,よ,あ,ま,た,に,な,り,ぬ,れ,は,ま,た,し,と,お,も,ふ,そ,ま,つ,に,ま,さ,れ
あ,し,ひ,き,の,や,ま,と,り,の,を,の,し,た,り,を,の,な,か,な,か,し,よ,を,ひ,と,り,か,も,ね,む
か,す,か,や,ま,く,も,ゐ,か,く,れ,て,と,ほ,け,れ,と,い,へ,は,お,も,は,す,い,も,を,し,そ,お,も
う,は,た,ま,の,こ,よ,ひ,な,あ,け,そ,あ,け,ゆ,か,は,あ,さ,ゆ,く,き,み,を,ま,つ,く,る,し,き,に
な,に,は,ひ,と,あ,し,ひ,た,く,や,は,す,す,た,れ,と,お,の,か,つ,ま,こ,そ,と,こ,め,つ,ら,な,れ
こ,の,や,ま,の,み,ね,に,ち,か,し,と,わ,か,み,つ,る,つ,き,の,そ,ら,な,る,こ,ひ,も,す,る,か,な
み,し,ま,え,の,た,ま,え,の,あ,し,を,し,め,し,よ,り,お,の,か,と,そ,お,も,ふ,い,ま,た,か,ら,ね
ひ,さ,か,た,の,あ,め,に,は,き,ぬ,を,あ,や,し,く,も,わ,か,こ,ろ,も,て,の,ひ,る,と,き,も,な,き
な,み,ま,よ,り,み,ゆ,る,こ,し,ま,の,は,ま,ひ,さ,き,ひ,さ,し,く,な,り,ぬ,き,み,に,あ,は,す,て
な,つ,く,さ,の,つ,ゆ,わ,け,こ,ろ,も,き,も,せ,ぬ,に,な,と,か,わ,か,そ,て,の,か,わ,く,と,き,な
な,つ,の,ゆ,く,を,し,か,の,つ,の,の,つ,か,の,ま,も,わ,す,れ,す,お,も,へ,い,も,か,こ,こ,ろ,を
ゆ,ふ,さ,れ,は,き,み,き,ま,さ,む,と,ま,ち,し,よ,の,な,こ,り,そ,い,ま,も,い,ね,か,て,に,す,る
い,も,か,か,み,あ,け,を,さ,さ,の,の,は,な,れ,こ,ま,こ,か,れ,に,け,ら,し,あ,は,ぬ,お,も,へ,は
わ,き,も,こ,は,こ,ろ,も,な,ら,な,む,あ,き,か,せ,の,さ,む,き,こ,の,こ,ろ,し,た,に,き,ま,し,を
わ,か,こ,こ,ろ,ゆ,た,の,た,ゆ,た,に,う,き,ぬ,れ,は,へ,に,も,お,き,に,も,よ,ら,む,か,た,な,し
や,ま,た,か,み,ゆ,ふ,ひ,か,く,れ,の,あ,さ,ち,は,ら,の,ち,み,む,た,め,に,し,め,ゆ,は,ま,し,を
す,き,た,も,て,ふ,け,る,い,た,ま,の,あ,は,さ,ら,は,い,か,に,せ,む,と,か,あ,ひ,み,そ,め,け,む
さ,を,し,か,の,い,る,の,の,す,す,き,は,つ,を,は,な,い,つ,し,か,い,も,か,た,ま,く,ら,に,せ,む
ふ,ち,の,は,な,さ,き,て,ち,り,に,き,あ,き,は,き,は,さ,き,て,ち,り,に,き,き,み,ま,ち,か,て,に
さ,く,ら,あ,さ,の,を,ふ,の,し,た,く,さ,つ,ゆ,し,あ,ら,は,あ,か,し,て,ゆ,か,む,お,や,は,し,る
み,わ,の,や,ま,や,ま,し,た,と,よ,み,ゆ,く,み,つ,の,み,を,し,た,え,す,は,の,ち,も,わ,か,つ,ま
あ,ら,ち,を,の,か,る,や,の,さ,き,に,た,つ,し,か,も,い,と,わ,か,こ,と,く,も,の,は,お,も,は,し
ち,は,や,ふ,る,か,み,の,た,も,て,る,い,の,ち,を,も,た,か,た,め,に,か,は,な,か,く,と,お,も,は
ひ,さ,か,た,の,あ,ま,て,る,つ,き,の,く,も,ま,に,も,き,み,を,わ,す,れ,て,わ,か,お,も,は,な,く
い,へ,の,ゐ,の,た,ま,わ,け,さ,と,に,い,も,を,お,き,て,こ,ひ,や,わ,た,ら,む,な,か,き,は,る,ひ
あ,ま,く,も,を,ち,へ,に,か,き,わ,け,あ,ま,く,た,る,ひ,と,も,な,に,せ,む,い,も,か,あ,は,す,は
こ,と,た,え,て,い,ま,は,こ,し,と,は,お,も,へ,と,も,せ,き,あ,へ,ぬ,こ,こ,ろ,な,ほ,こ,ひ,に,け
あ,つ,さ,ゆ,み,ひ,き,は,り,も,ち,て,ゆ,る,さ,ぬ,に,わ,か,お,も,ふ,こ,こ,ろ,き,み,は,し,ら,す
い,ま,も,お,も,ひ,の,ち,も,わ,す,れ,し,か,り,こ,も,の,み,た,れ,て,の,み,そ,わ,か,こ,ひ,ま,さ
う,ち,な,ひ,き,ひ,と,も,ね,つ,れ,は,ま,す,か,か,み,と,る,と,ゆ,め,に,み,つ,わ,か,こ,ひ,ま,さ
あ,ひ,お,も,は,ぬ,い,も,は,な,に,せ,む,う,は,た,ま,の,ひ,と,よ,も,ゆ,め,に,み,え,も,こ,な,く
な,つ,く,さ,の,し,け,き,わ,か,こ,ひ,す,み,よ,し,の,き,し,の,し,ら,な,み,ち,へ,に,つ,も,り,ぬ
さ,か,き,に,も,て,は,ふ,る,な,る,を,う,つ,た,へ,に,ひ,と,つ,ま,な,れ,は,こ,ひ,ぬ,も,の,か,も
し,ま,つ,と,ふ,は,や,ひ,と,ふ,ね,の,な,み,た,か,み,ひ,と,よ,よ,と,ま,す,た,え,む,と,お,も,ふ
ひ,と,り,ゐ,て,お,も,ひ,み,た,れ,て,あ,ま,く,も,の,た,ゆ,た,ふ,こ,こ,ろ,わ,か,お,も,は,な,く
わ,か,せ,こ,か,い,へ,を,た,の,み,て,あ,し,ひ,き,の,や,ま,す,け,か,さ,を,と,ら,て,き,に,け,り
い,も,み,て,は,つ,き,も,へ,た,て,す,い,そ,の,さ,き,み,ち,な,き,こ,ひ,も,わ,れ,は,す,る,か,な
ゆ,ふ,さ,れ,は,の,へ,に,な,く,て,ふ,か,ほ,と,り,の,か,ほ,に,み,え,つ,つ,わ,す,ら,れ,な,く,に
ほ,と,と,き,す,な,く,さ,ほ,や,ま,の,ま,つ,の,ね,の,ね,も,こ,ろ,み,ま,く,ほ,し,き,き,み,か,な
み,く,ま,の,に,た,つ,あ,さ,き,り,の,た,え,す,し,て,わ,れ,は,あ,ひ,み,む,た,た,む,と,お,も,ふ
の,ち,つ,ひ,に,き,み,を,み,む,と,て,う,ち,な,ひ,き,わ,か,く,ろ,か,み,に,ゆ,き,の,ふ,る,ま,て
け,ふ,け,ふ,と,き,み,を,ま,つ,よ,の,ふ,け,ぬ,れ,は,な,か,き,こ,こ,ろ,を,お,も,ひ,か,ね,つ,る
あ,め,ふ,る,に,よ,は,ふ,け,に,け,り,い,ま,さ,ら,に,き,み,き,ま,さ,め,や,た,れ,か,き,て,ね,む
か,く,て,し,も,こ,ひ,し,わ,た,れ,は,た,ま,き,は,る,い,の,ち,も,し,ら,す,と,し,は,へ,に,け,り
つ,く,も,か,は,た,ゆ,る,と,き,な,く,お,も,ふ,に,は,ひ,と,ひ,も,い,も,を,し,の,ひ,か,ね,つ,つ
か,く,こ,ひ,む,も,の,と,し,り,せ,は,あ,つ,さ,ゆ,み,す,ゑ,の,な,か,こ,ろ,あ,ひ,み,て,し,か,な
か,さ,さ,き,の,は,ね,に,し,も,ふ,り,さ,む,き,よ,を,ひ,と,り,そ,ね,ぬ,る,き,み,を,ま,ち,か,ね
い,そ,の,か,み,ふ,る,の,わ,さ,た,の,ほ,に,は,い,て,す,こ,こ,ろ,の,う,ち,に,こ,ひ,や,わ,た,ら
わ,か,こ,ふ,る,こ,こ,ろ,を,し,ら,す,の,ち,つ,ひ,に,か,か,る,こ,ひ,に,も,あ,は,さ,ら,め,や,は
た,つ,た,や,ま,み,ね,の,し,ら,く,も,た,ゆ,た,ひ,に,お,も,ひ,し,や,れ,は,ま,つ,そ,す,へ,な,き
あ,さ,み,つ,む,は,る,ひ,の,つ,ゆ,の,お,き,そ,め,て,し,は,し,も,み,ね,は,こ,ひ,し,き,も,の,を
あ,を,や,き,の,し,け,り,に,た,ち,て,ま,と,ふ,と,も,い,も,と,む,す,ひ,し,ひ,も,と,け,め,や,は
や,ま,こ,え,て,と,ほ,く,い,に,し,を,い,か,て,か,は,こ,の,や,ま,こ,え,て,ゆ,め,に,み,え,け,む
た,ら,ち,め,の,は,は,か,て,は,な,れ,か,く,は,か,り,わ,ひ,し,き,こ,ひ,は,い,ま,た,せ,な,く,に
い,つ,と,て,も,こ,ひ,せ,ぬ,と,き,は,な,け,れ,と,も,ゆ,ふ,さ,る,る,ま,は,こ,ひ,し,き,は,な,し
わ,か,の,ち,に,う,ま,れ,む,ひ,と,は,わ,か,こ,と,く,こ,ひ,せ,む,み,ち,に,あ,ひ,あ,ふ,な,ゆ,め
よ,し,や,よ,し,こ,さ,ら,む,き,み,を,い,か,か,せ,む,い,と,は,ぬ,わ,れ,は,こ,ひ,つ,つ,を,ら,む
き,み,を,わ,れ,み,ま,く,ほ,し,き,は,こ,の,ふ,た,よ,と,し,つ,き,の,こ,と,お,も,ほ,ゆ,る,か,な
あ,き,か,せ,に,ち,る,も,み,ち,は,の,し,は,ら,く,も,ち,り,な,み,た,り,そ,き,み,か,あ,た,り,み
む,ら,さ,き,に,に,ほ,へ,る,い,も,か,か,く,し,あ,ら,は,ひ,と,も,と,ゆ,ゑ,に,わ,れ,こ,ひ,め,や
た,ま,ほ,こ,の,み,ち,ゆ,き,つ,か,れ,い,な,む,し,ろ,し,き,て,も,き,み,を,み,る,よ,し,も,か,な
あ,ま,く,も,の,や,へ,く,も,か,く,れ,な,る,か,み,の,お,と,に,の,み,や,は,こ,ひ,わ,た,り,な,む
つ,き,く,さ,に,こ,ろ,も,そ,そ,む,る,き,み,か,た,め,い,ろ,の,わ,か,は,の,か,け,と,お,も,ひ,て
な,ほ,あ,へ,と,こ,と,な,し,く,さ,に,い,ふ,こ,と,を,き,き,て,も,し,ら,は,う,れ,し,か,ら,ま,し
つ,き,く,さ,に,こ,ろ,も,は,す,ら,む,あ,さ,つ,ゆ,に,ぬ,れ,て,の,の,ち,は,う,つ,ろ,ひ,ぬ,と,も
ゆ,ふ,か,け,て,い,の,む,み,む,ろ,の,か,み,さ,ひ,て,い,な,に,は,あ,ら,す,ひ,と,め,お,ほ,み,そ
も,も,へ,な,る,や,そ,の,し,ま,へ,を,こ,く,ふ,ね,に,の,り,に,し,こ,こ,ろ,わ,す,れ,か,ね,つ,も
し,ほ,さ,ゐ,に,い,つ,も,の,う,み,に,こ,く,ふ,ね,に,い,も,の,る,ら,む,か,あ,ら,き,い,そ,へ,に
も,み,ち,は,の,ち,り,ぬ,る,な,へ,に,た,ま,つ,さ,の,つ,か,ひ,を,み,れ,は,あ,ひ,し,ひ,お,も,ほ
ひ,と,こ,と,は,な,つ,の,の,く,さ,の,し,け,く,と,も,い,も,と,わ,れ,と,し,た,つ,さ,は,り,な,は
こ,の,こ,ろ,の,こ,ひ,の,し,け,く,は,な,つ,く,さ,の,か,り,そ,く,れ,と,も,お,ひ,ら,く,か,こ,と
か,け,て,の,み,こ,ふ,れ,は,く,る,し,な,て,し,こ,の,は,な,に,さ,か,な,む,あ,さ,な,あ,さ,な,み
み,な,つ,き,の,つ,ち,さ,へ,さ,け,て,て,る,ひ,に,も,わ,か,そ,て,ひ,め,や,い,も,に,あ,は,す,て
あ,き,か,せ,に,や,ま,と,ひ,こ,ゆ,る,か,り,か,ね,の,い,や,と,ほ,さ,か,り,く,も,か,く,れ,つ,つ
か,き,ほ,な,る,は,き,の,は,さ,や,き,ふ,く,か,せ,の,ふ,く,な,る,な,へ,に,か,り,そ,な,く,な,る
あ,き,か,せ,の,と,ほ,く,ふ,く,な,る,わ,か,や,と,の,あ,さ,ち,か,も,と,に,ひ,く,ら,し,も,な,く
こ,の,こ,ろ,の,あ,き,か,せ,さ,む,み,は,き,の,は,な,ち,ら,す,し,ら,つ,ゆ,お,き,に,け,ら,し,も
た,ま,た,す,き,か,け,ぬ,と,き,な,く,わ,か,こ,ふ,る,し,く,れ,し,ふ,ら,は,ゆ,き,つ,つ,も,み,む
あ,き,の,た,の,ほ,の,う,へ,に,お,け,る,し,ら,つ,ゆ,の,け,ぬ,へ,く,わ,れ,は,お,も,ほ,ゆ,る,か
あ,き,の,た,の,か,り,ほ,に,つ,く,る,い,ほ,り,し,て,ま,つ,ら,む,き,み,を,み,る,よ,し,も,か,な
あ,き,は,き,の,え,た,も,と,を,を,に,お,く,つ,ゆ,の,き,え,も,し,な,ま,し,こ,ひ,つ,つ,あ,ら,す
さ,も,こ,そ,は,み,は,こ,こ,ろ,に,も,あ,ら,さ,ら,め,み,さ,へ,こ,こ,ろ,に,た,か,ふ,な,り,け,り
み,な,そ,こ,に,お,ふ,る,た,ま,も,の,う,ち,な,ひ,き,こ,こ,ろ,を,よ,せ,て,こ,ふ,る,こ,ろ,か,な
あ,し,ひ,き,の,や,ま,よ,り,い,つ,る,つ,き,ま,つ,と,ひ,と,に,は,い,ひ,て,き,み,を,こ,そ,ま,て
な,る,か,み,の,し,は,し,く,も,り,て,さ,し,く,も,り,あ,め,も,ふ,ら,な,む,き,み,と,ま,る,へ,く
あ,す,の,う,み,に,は,な,の,か,す,ら,む,わ,き,も,こ,か,た,ま,も,の,す,そ,に,な,み,や,よ,す,ら
あ,し,ひ,き,の,や,ま,ち,も,し,ら,す,し,ら,か,し,の,え,た,に,も,は,に,も,ゆ,き,の,ふ,れ,れ,は
た,ま,か,つ,ら,と,い,ふ,け,き,つ,つ,さ,ぬ,る,よ,は,と,し,の,ま,れ,よ,に,た,た,ひ,と,よ,の,み
く,さ,ま,く,ら,た,ひ,に,も,の,お,も,ふ,わ,か,き,け,は,ゆ,ふ,か,け,つ,き,て,な,く,か,は,つ,か
う,ち,ひ,さ,す,み,や,ち,に,ひ,と,は,お,ほ,か,れ,と,わ,か,お,も,ふ,ひ,と,は,た,た,ひ,と,り,な
あ,ら,た,ま,の,と,し,は,ふ,れ,と,も,わ,か,こ,ふ,る,あ,し,な,き,こ,ひ,の,や,ま,ぬ,か,な,し,き
ゆ,き,ゆ,け,と,あ,は,ぬ,も,の,ゆ,ゑ,ひ,さ,か,た,の,あ,さ,つ,ゆ,し,も,に,う,る,ひ,ぬ,る,か,な
こ,ひ,し,き,に,こ,こ,ろ,を,や,れ,と,や,ら,れ,ぬ,は,や,ま,も,か,は,せ,も,し,ら,ぬ,な,り,け,り
や,ま,し,な,の,こ,は,た,の,さ,と,に,う,ま,は,あ,れ,と,か,ち,よ,り,そ,ゆ,く,き,み,を,お,も,へ
み,つ,の,う,へ,に,か,す,か,く,か,こ,と,わ,か,い,の,ち,き,み,に,あ,は,む,と,う,か,ひ,つ,る,か
わ,れ,ゆ,ゑ,に,い,は,る,る,い,も,か,た,か,き,や,ま,み,ね,の,し,ら,く,も,す,き,に,け,む,か,も
う,は,た,ま,の,く,ろ,か,み,や,ま,の,や,ま,く,さ,に,こ,さ,め,ふ,り,し,き,ま,す,ま,す,そ,お,も
わ,か,い,も,も,わ,れ,を,お,も,は,は,ま,す,か,か,み,と,り,て,も,つ,き,の,か,け,そ,み,さ,ら,む
あ,か,つ,き,に,さ,す,つ,け,く,し,の,ふ,る,け,れ,と,な,に,そ,も,き,み,か,み,れ,と,あ,か,ぬ,か
た,ま,ほ,こ,の,み,ち,ゆ,き,ふ,り,に,う,ら,な,へ,は,い,も,に,あ,ひ,ぬ,と,わ,れ,に,つ,け,け,る
し,き,た,へ,の,ま,く,ら,を,し,き,て,ね,す,お,も,ふ,ひ,と,は,の,ち,に,も,あ,ひ,な,む,も,の,を
た,れ,か,こ,の,や,と,に,き,て,と,ふ,た,ら,ち,ね,の,お,や,に,い,は,れ,て,も,の,お,も,ふ,わ,れ
さ,ぬ,る,よ,は,ち,よ,に,あ,り,と,も,わ,か,せ,こ,か,お,も,ひ,く,ゆ,へ,き,こ,こ,ろ,は,も,た,す
お,ほ,よ,そ,は,た,れ,か,み,む,に,か,う,は,た,ま,の,わ,か,く,ろ,か,み,を,け,つ,り,て,を,ら,む
ひ,と,り,ぬ,る,と,こ,く,ち,め,や,は,あ,や,む,し,ろ,を,に,な,る,ま,て,に,き,み,を,し,の,は,む
た,そ,か,れ,と,と,は,は,こ,た,へ,む,す,へ,を,な,み,き,み,か,つ,か,ひ,を,か,へ,し,つ,る,か,な
い,も,こ,ふ,と,わ,か,な,く,な,み,た,し,き,た,へ,の,ま,く,ら,と,ほ,り,て,そ,て,そ,ひ,ち,ぬ,る
た,ち,て,お,も,ひ,ゐ,て,も,そ,な,け,く,く,れ,な,ゐ,の,あ,か,も,の,す,そ,を,ひ,き,し,す,か,た
お,も,ふ,こ,と,あ,ま,る,と,き,に,は,か,ひ,も,な,し,い,て,て,そ,ゆ,き,し,そ,の,か,と,を,み,よ
ゆ,め,に,み,て,な,ほ,か,く,は,か,り,こ,ふ,る,わ,れ,う,つ,つ,に,あ,は,は,ま,し,て,い,か,に,そ
あ,ひ,み,て,は,お,も,て,か,く,る,る,も,の,か,ら,に,つ,ね,に,み,ま,く,の,ほ,し,き,き,み,か,な
き,の,ふ,よ,り,い,ま,こ,そ,よ,な,れ,わ,き,も,こ,か,い,か,は,か,り,か,も,み,ま,く,ほ,し,き,か
う,は,た,ま,の,い,も,か,く,ろ,か,み,こ,よ,ひ,も,や,わ,か,な,き,と,こ,に,な,ひ,き,て,ぬ,ら,む
い,ろ,に,い,て,て,こ,ひ,は,ひ,と,み,な,し,り,ぬ,へ,し,こ,こ,ろ,の,う,ち,の,か,く,れ,つ,ま,か
あ,ひ,み,て,は,こ,ひ,な,く,さ,む,と,ひ,と,は,い,へ,と,み,て,の,の,ち,こ,そ,こ,ひ,ま,さ,り,け
い,つ,は,り,も,に,つ,き,て,そ,す,る,い,つ,よ,り,か,み,ぬ,ひ,と,ゆ,ゑ,に,こ,ひ,に,し,に,す,る
こ,ひ,し,な,む,の,ち,は,な,に,せ,む,わ,か,い,の,ち,い,き,た,る,ひ,こ,そ,み,ま,く,ほ,し,け,れ
し,き,た,へ,の,ま,く,ら,う,こ,き,て,い,ね,ら,れ,す,も,の,お,も,ふ,こ,よ,ひ,は,や,く,あ,け,な
ゆ,め,に,た,に,な,と,か,は,み,え,ぬ,み,え,ね,と,も,わ,れ,か,も,ま,と,ふ,こ,ひ,の,し,け,さ,に
な,く,さ,む,る,こ,こ,ろ,も,な,き,に,か,く,て,の,み,こ,ひ,や,わ,た,ら,む,つ,き,ひ,か,さ,ね,て
い,か,に,し,て,わ,す,る,る,も,の,そ,わ,か,せ,こ,に,こ,ひ,は,ま,さ,れ,と,わ,す,ら,れ,な,く,に
か,ひ,も,な,き,こ,ひ,も,す,る,か,な,ゆ,ふ,さ,れ,は,ひ,と,の,た,ま,く,ら,ね,ぬ,る,も,の,ゆ,ゑ
も,も,よ,し,も,ち,よ,し,も,い,き,て,あ,ら,め,や,は,わ,か,お,も,ふ,い,も,を,お,き,て,な,け,か
た,ま,ほ,こ,の,み,ち,ゆ,き,ふ,り,に,お,も,は,す,に,い,も,を,あ,ひ,み,て,な,け,く,こ,ろ,か,な
い,も,か,そ,て,わ,か,れ,し,ひ,よ,り,ひ,さ,か,た,の,こ,ろ,も,か,た,し,き,こ,ひ,つ,つ,そ,ぬ,る
う,は,た,ま,の,わ,か,く,ろ,か,み,を,な,き,く,ら,し,お,も,ひ,み,た,れ,て,こ,ひ,わ,た,る,か,な
い,ま,さ,ら,に,き,み,か,た,ま,く,ら,さ,た,め,め,や,わ,か,ひ,も,の,を,の,と,く,と,も,な,し,に
お,ほ,は,ら,の,あ,ら,の,ら,に,わ,か,い,も,を,お,き,て,い,ね,こ,そ,か,ね,つ,ゆ,め,に,み,ゆ,れ
ゆ,ふ,け,に,も,ゆ,め,に,も,み,え,よ,こ,よ,ひ,た,に,こ,さ,ら,む,ひ,と,を,い,つ,と,か,ま,た,む
し,き,た,へ,の,ま,く,ら,か,さ,ね,て,き,み,と,わ,れ,ぬ,る,と,は,な,し,に,と,し,そ,へ,に,け,る
や,ま,さ,と,の,ま,き,の,い,た,と,の,お,と,は,や,み,き,み,か,あ,た,り,の,し,も,の,う,へ,に,ね
あ,し,ひ,き,の,や,ま,さ,く,ら,と,を,あ,け,お,き,て,わ,か,ま,つ,き,み,を,た,れ,か,と,と,む,る
つ,き,き,よ,み,い,も,に,あ,は,む,と,た,た,ち,か,ら,わ,れ,は,く,れ,と,も,よ,そ,ふ,け,に,け,る
あ,さ,か,け,に,わ,か,み,は,な,り,ぬ,か,ら,こ,ろ,も,た,も,と,の,あ,は,て,さ,ひ,し,く,な,れ,は
す,り,こ,ろ,も,き,る,と,ゆ,め,に,み,つ,う,つ,つ,に,は,た,か,こ,と,の,は,か,し,け,く,あ,る,へ
し,か,の,あ,ま,の,し,ほ,た,れ,こ,ろ,も,な,る,れ,と,も,こ,ひ,て,ふ,も,の,は,わ,す,れ,か,ね,つ
さ,と,と,ほ,み,こ,ひ,わ,ひ,に,け,り,ま,す,か,か,み,お,も,か,け,さ,ら,す,ゆ,め,に,み,ゆ,れ,は
と,き,も,り,か,う,ち,な,す,つ,つ,み,か,そ,ふ,れ,は,と,き,に,は,な,り,ぬ,あ,は,さ,る,も,あ,や
と,も,し,ひ,の,か,け,に,か,か,よ,ふ,う,つ,せ,み,の,い,も,か,ゑ,み,か,ほ,お,も,か,け,に,み,ゆ
を,は,た,た,や,い,た,た,の,は,し,の,く,つ,れ,な,は,け,た,よ,り,ゆ,か,む,こ,ふ,な,わ,き,も,こ
き,み,こ,ふ,と,ぬ,れ,と,ね,ら,れ,ぬ,つ,と,め,て,は,た,れ,か,の,る,う,ま,の,あ,し,お,と,か,す
く,れ,な,ゐ,の,す,そ,ひ,く,み,ち,を,な,か,に,お,き,て,き,み,や,き,ま,さ,む,わ,れ,や,ゆ,く,へ
ま,の,の,い,け,の,こ,す,け,の,か,さ,を,ぬ,は,す,し,て,ひ,と,の,と,ふ,な,を,た,つ,へ,き,も,の
わ,き,も,こ,か,そ,て,を,た,の,み,て,ま,の,の,う,ら,の,こ,す,け,の,か,さ,を,と,ら,て,き,に,け
や,ま,た,か,み,た,に,へ,に,は,へ,る,た,ま,か,つ,ら,た,ゆ,る,と,き,な,く,み,る,よ,し,も,か,な
い,き,の,を,に,お,も,へ,は,く,る,し,た,ま,の,を,の,た,え,て,み,た,れ,む,ひ,と,は,し,る,と,も
た,ま,の,を,の,く,り,よ,せ,つ,つ,も,あ,は,さ,ら,は,わ,れ,お,な,し,を,に,あ,は,む,と,そ,お,も
い,せ,の,あ,ま,の,あ,さ,な,ゆ,ふ,な,に,か,つ,く,て,ふ,あ,は,ひ,の,か,ひ,の,か,た,お,も,ひ,に
お,も,へ,と,も,お,も,へ,も,か,ね,つ,あ,し,ひ,き,の,や,ま,と,り,の,を,の,な,か,き,こ,よ,ひ,を
わ,き,も,こ,を,こ,ふ,る,に,あ,ら,む,お,き,に,す,む,か,も,の,う,き,ね,の,や,す,け,く,も,な,し
お,く,や,ま,の,こ,の,は,か,く,れ,て,ゆ,く,み,つ,の,お,と,き,き,し,よ,り,つ,ね,に,わ,す,れ,す
か,せ,ふ,き,ぬ,う,ら,う,ら,な,み,に,な,き,な,を,は,わ,か,う,へ,に,た,つ,あ,ふ,と,は,な,し,に
ま,ゆ,ね,か,き,は,な,ひ,む,と,き,も,ま,た,め,や,は,い,つ,し,か,み,む,と,と,ひ,つ,る,わ,れ,を
わ,き,も,こ,に,こ,ひ,て,か,ひ,な,き,し,ろ,た,へ,の,そ,て,か,へ,し,て,は,ゆ,め,に,み,え,つ,つ
わ,か,せ,こ,か,た,も,と,か,へ,せ,る,よ,る,の,ゆ,め,に,ま,さ,て,い,も,か,あ,ふ,か,こ,と,か,こ
お,し,て,る,や,や,ま,す,け,か,さ,を,お,き,ふ,る,し,の,ち,は,た,れ,き,む,も,の,な,ら,な,く,に
く,れ,な,ゐ,の,は,な,し,あ,り,せ,は,こ,ろ,も,て,に,そ,め,つ,け,む,と,て,ゆ,く,へ,く,そ,お,も
か,は,か,み,に,あ,ら,ふ,わ,か,な,の,な,か,れ,て,も,き,み,か,あ,た,り,の,せ,に,こ,そ,よ,ら,め
も,も,し,き,の,お,ほ,み,や,ひ,と,は,た,ま,ほ,こ,の,み,ち,も,い,て,ぬ,に,こ,ふ,る,こ,ろ,か,な
さ,を,し,か,の,な,く,ら,む,や,ま,を,こ,え,さ,ら,む,ひ,た,に,や,き,み,か,あ,は,し,と,は,す,る
い,し,う,へ,に,お,ひ,た,る,あ,し,の,な,を,を,し,み,ひ,と,に,し,ら,れ,て,こ,ひ,つ,つ,そ,ふ,る
わ,き,も,こ,か,き,す,て,ふ,り,ぬ,る,あ,か,こ,ろ,も,け,か,れ,ふ,り,な,は,こ,ひ,や,し,ぬ,へ,き
ふ,ゆ,こ,も,り,は,る,さ,く,は,な,を,て,に,と,り,て,ち,か,へ,り,う,ら,み,こ,ひ,も,す,る,か,な
は,る,や,ま,の,か,す,み,に,ま,よ,ふ,う,く,ひ,す,も,わ,れ,に,ま,さ,り,て,も,の,は,お,も,は,し
わ,き,も,こ,か,あ,さ,け,の,か,ほ,を,よ,く,み,れ,は,け,ふ,の,あ,い,ふ,を,こ,ひ,く,ら,し,つ,る
さ,き,て,ち,る,う,め,か,し,た,え,に,お,く,つ,ゆ,の,け,ぬ,へ,く,い,も,を,こ,ふ,る,こ,ろ,か,な
あ,さ,か,す,み,か,ひ,や,か,し,た,に,な,く,か,は,つ,こ,ゑ,た,に,き,か,は,わ,れ,こ,ひ,め,や,も
さ,く,ら,は,な,と,き,す,き,ぬ,れ,と,わ,か,こ,ふ,る,こ,こ,ろ,の,う,ち,の,や,む,と,き,も,な,し
や,ま,ふ,き,の,に,ほ,へ,る,い,も,か,は,ね,す,い,ろ,の,あ,か,も,の,す,か,た,ゆ,め,に,み,え,つ
あ,き,の,の,の,を,は,な,か,す,ゑ,の,う,ち,な,ひ,き,こ,こ,ろ,も,い,も,に,わ,れ,よ,す,る,か,も
あ,き,や,ま,に,し,も,ふ,り,お,き,て,こ,の,は,ち,る,と,し,は,ゆ,く,と,も,わ,れ,わ,す,れ,め,や
も,み,ち,は,に,に,ほ,へ,る,こ,ろ,も,わ,れ,は,き,し,き,み,か,ま,つ,ち,は,よ,も,き,こ,え,か,ね
わ,か,や,と,に,い,ま,さ,く,は,な,は,を,み,な,へ,し,さ,ら,ぬ,い,ろ,に,は,な,ほ,こ,ひ,に,け,り
は,き,の,は,な,に,ほ,ふ,を,み,れ,は,き,み,に,あ,は,ぬ,ま,の,ひ,さ,し,く,も,な,り,に,け,る,か
あ,き,さ,れ,は,か,り,ひ,と,こ,ゆ,る,た,つ,た,や,ま,た,ち,て,も,ゐ,て,も,き,み,を,し,そ,お,も
あ,き,の,た,を,つ,と,に,お,し,を,り,お,け,る,つ,ゆ,き,え,も,し,な,ま,し,き,み,に,あ,は,す,は
ま,す,ら,を,の,こ,こ,ろ,は,な,く,て,あ,き,の,た,の,こ,ひ,に,は,は,な,を,み,つ,つ,あ,り,な,む
わ,か,そ,て,に,ふ,り,つ,む,ゆ,き,の,な,か,れ,い,て,て,い,も,か,た,も,と,に,い,ま,も,き,え,な
ゆ,め,の,こ,と,き,み,に,あ,ひ,み,て,か,き,く,ら,し,ふ,り,く,る,ゆ,き,の,き,え,そ,か,へ,れ,る
ひ,と,め,み,し,ひ,と,は,こ,ふ,ら,く,か,き,く,ら,し,ふ,り,く,る,ゆ,き,の,き,え,そ,か,へ,れ,る
か,き,く,ら,し,ふ,り,く,る,ゆ,き,の,き,え,ぬ,と,も,き,み,に,あ,は,む,と,な,か,ら,へ,わ,た,る
う,め,の,は,な,う,ち,み,み,ら,れ,す,ふ,る,ゆ,き,の,い,ち,し,る,く,し,も,つ,か,ひ,な,や,り,そ
ひ,と,り,し,て,も,の,を,お,も,ふ,か,す,へ,な,さ,に,ゆ,け,と,も,い,も,か,あ,ふ,と,き,も,な,し
う,ち,の,う,み,に,つ,り,す,る,あ,ま,の,ふ,ね,に,の,り,の,り,に,し,こ,こ,ろ,つ,ね,に,わ,す,れ
い,ま,さ,ら,に,い,も,に,あ,は,て,や,は,る,か,す,み,た,な,ひ,く,の,へ,の,は,な,も,ち,り,な,む
あ,ひ,み,す,て,と,し,そ,へ,に,け,る,あ,や,し,く,も,い,も,は,こ,ひ,す,て,こ,ひ,わ,た,る,か,な
あ,し,か,も,の,い,り,て,な,く,ね,の,し,ら,す,け,の,し,ら,す,や,い,も,を,か,く,こ,ひ,む,と,は
こ,ろ,も,て,も,さ,し,か,へ,つ,へ,く,ち,か,け,れ,と,ひ,と,め,を,お,ほ,み,こ,ひ,つ,つ,そ,を,る
つ,ゆ,く,さ,の,か,り,な,る,い,の,ち,あ,る,も,の,を,い,か,に,し,り,て,か,の,ち,に,あ,は,む,き
さ,を,し,か,の,ふ,す,く,さ,む,ら,の,み,え,ね,と,も,い,も,か,あ,た,り,を,ゆ,か,は,か,な,し,も
よ,そ,に,あ,り,て,く,も,ゐ,に,み,ゆ,る,い,も,か,い,へ,に,は,や,く,い,た,ら,む,あ,ゆ,め,く,ろ
た,け,と,あ,ま,り,た,か,ね,と,な,か,き,い,も,か,か,み,こ,の,こ,ろ,み,ね,は,あ,け,つ,ら,む,か
や,ま,く,さ,の,し,ら,つ,ゆ,お,ほ,み,そ,て,に,ふ,る,こ,こ,ろ,ふ,か,く,て,わ,か,こ,ひ,や,ま,す
よ,な,ら,へ,て,き,み,を,き,ま,せ,と,ち,は,や,ふ,る,か,み,の,こ,こ,ろ,を,ね,か,ぬ,ひ,は,な,し
ゆ,ふ,つ,く,よ,あ,か,つ,き,か,た,の,あ,さ,か,け,に,わ,か,み,は,な,り,ぬ,い,も,を,お,も,ひ,か
ま,そ,て,も,て,ゆ,か,う,ち,は,ら,ひ,き,み,ま,つ,と,を,り,つ,る,ほ,と,に,つ,き,か,た,ふ,き,ぬ
き,み,か,す,む,み,か,さ,の,や,ま,に,ゐ,る,く,も,の,た,て,は,わ,か,る,る,こ,ひ,も,す,る,か,な
ゆ,ふ,け,と,ふ,わ,か,そ,て,に,お,く,つ,ゆ,を,お,も,み,い,も,に,み,せ,む,と,と,れ,は,き,え,つ
ま,ち,わ,ひ,て,う,ち,へ,は,い,ら,し,し,ろ,た,へ,の,わ,か,こ,ろ,も,て,に,つ,ゆ,は,お,く,と,も
あ,さ,つ,ゆ,の,き,え,み,き,え,す,み,お,も,ひ,つ,つ,ま,た,こ,ま,か,へ,し,き,み,を,こ,そ,み,め
あ,し,ひ,き,の,や,ま,と,り,の,を,の,ひ,と,め,を,は,ひ,と,め,み,し,こ,を,こ,ふ,へ,き,も,の,を
い,も,か,な,も,わ,か,な,も,た,て,は,せ,し,と,こ,そ,ふ,し,の,た,か,ね,も,も,え,つ,つ,わ,た,れ
し,ら,な,み,の,た,ち,よ,る,か,た,の,あ,ら,い,そ,に,あ,ら,ま,し,も,の,を,こ,ひ,つ,つ,あ,ら,す
お,ほ,ふ,ね,の,た,ゆ,た,ふ,う,ら,に,い,か,り,お,ろ,し,い,か,に,し,て,か,も,わ,か,こ,ひ,や,ま
み,さ,こ,ゐ,る,お,き,の,あ,ら,い,そ,に,た,つ,な,み,の,ゆ,く,へ,も,し,ら,す,わ,か,こ,ひ,し,さ
お,ほ,ふ,ね,の,お,き,に,も,へ,に,も,ゐ,る,な,み,の,よ,る,へ,も,わ,れ,は,き,み,か,ま,に,ま,に
な,か,な,か,に,き,み,に,あ,は,す,は,ま,き,の,う,ら,の,あ,ま,な,ら,ま,し,を,た,ま,も,か,り,つ
す,す,き,と,る,あ,ま,の,た,く,ひ,の,ほ,の,に,た,に,み,ぬ,ひ,と,ゆ,ゑ,に,こ,ふ,る,こ,ろ,か,な
う,ま,や,ち,に,ひ,き,ふ,ね,わ,た,し,た,た,の,り,に,い,も,か,こ,こ,ろ,に,の,り,て,ふ,る,か,も
わ,か,や,と,の,ほ,た,て,ふ,た,か,ら,つ,み,は,や,し,み,に,な,る,ま,て,に,き,み,を,こ,そ,ま,て
わ,か,こ,ひ,の,こ,と,も,か,た,ら,む,な,く,さ,む,る,き,み,か,つ,か,ひ,を,ま,ち,や,か,ね,て,む
う,つ,つ,に,は,あ,ふ,よ,し,も,な,し,ゆ,め,に,た,に,ま,な,く,み,む,き,み,か,こ,ひ,に,し,ぬ,へ
こ,む,と,い,へ,は,た,た,に,た,や,す,し,ち,ひ,さ,く,も,こ,こ,ろ,の,う,ち,に,わ,か,お,も,は,な
お,も,ひ,い,て,て,ね,に,は,な,く,と,も,い,ち,し,る,く,ひ,と,の,し,る,へ,く,な,け,き,す,な,ゆ
し,ろ,た,へ,の,そ,て,か,け,し,よ,り,た,ま,た,れ,の,を,す,の,す,か,さ,る,ま,た,も,あ,は,ぬ,に
を,く,る,ま,の,に,し,き,の,ひ,も,を,と,け,む,か,も,わ,れ,を,し,の,は,は,わ,れ,も,お,も,は,む
し,の,ふ,へ,し,む,す,ひ,も,あ,へ,す,を,く,る,ま,の,に,し,き,の,ひ,も,を,よ,ひ,よ,ひ,こ,と,に
を,く,る,ま,の,に,し,き,の,ひ,も,を,と,き,そ,め,て,あ,ま,た,は,ね,す,は,た,た,ひ,と,よ,の,み
あ,ら,か,ふ,に,し,ひ,て,も,き,み,か,ぬ,れ,き,ぬ,か,き,よ,に,そ,や,な,そ,た,た,ひ,と,よ,の,み
し,ほ,こ,ろ,も,あ,ま,の,み,か,と,そ,お,も,ひ,け,る,う,き,よ,に,ふ,れ,は,き,ぬ,ひ,と,も,な,し
な,き,な,の,み,い,は,れ,の,い,け,の,み,き,は,か,な,よ,に,も,あ,ら,し,の,か,せ,も,ふ,き,な,む
ぬ,れ,き,ぬ,を,ほ,す,さ,を,し,か,の,こ,ゑ,き,け,は,い,つ,し,か,ひ,よ,と,な,く,に,そ,あ,り,け
た,こ,の,う,ら,あ,ま,の,ぬ,れ,き,ぬ,き,た,れ,と,も,ほ,し,き,に,も,の,は,い,は,す,も,あ,る,か
ふ,く,か,せ,の,し,た,の,ち,り,に,も,あ,ら,な,く,に,さ,も,た,ち,や,す,き,わ,か,な,き,な,か,な
ほ,し,わ,ひ,し,ひ,と,を,そ,き,き,し,ぬ,れ,こ,ろ,も,わ,か,み,に,な,し,て,い,ま,そ,か,な,し,き
み,ち,の,く,に,あ,る,と,い,ふ,な,る,な,と,り,か,は,な,き,な,と,り,て,は,く,る,し,か,り,け,り
わ,た,り,ぬ,る,み,に,こ,そ,あ,り,け,る,な,と,り,か,は,ひ,と,の,ふ,ち,せ,と,お,も,ひ,け,る,か
な,き,な,た,つ,み,の,き,る,も,の,は,ぬ,れ,こ,ろ,も,い,く,か,さ,ね,と,そ,か,き,ら,さ,り,け,る
し,つ,の,を,に,か,け,て,と,と,め,よ,お,ほ,か,た,は,た,か,た,ち,そ,め,し,な,き,な,な,ら,ね,は
わ,か,や,に,も,き,み,か,き,る,な,る,ぬ,れ,き,ぬ,を,よ,に,も,あ,ら,し,の,か,せ,も,ふ,き,な,む
お,な,し,な,を,た,つ,と,し,た,た,は,ぬ,れ,こ,ろ,も,き,て,を,な,く,さ,む,う,ら,ふ,る,る,ま,て
お,り,た,た,ぬ,ほ,と,は,か,り,を,や,な,と,り,か,は,わ,た,ら,ぬ,ひ,と,も,な,に,な,ら,な,く,に
ゆ,め,な,ら,て,あ,ふ,こ,と,か,た,き,き,み,ゆ,ゑ,に,わ,れ,も,た,つ,な,を,た,た,に,や,は,き,く
あ,ち,き,な,く,な,を,の,み,た,て,て,か,ら,こ,ろ,も,み,に,も,な,ら,さ,て,や,ま,む,と,や,き,み
き,み,を,わ,れ,い,く,た,の,う,ら,の,い,く,た,ひ,か,う,き,な,を,た,て,と,お,も,ひ,し,も,の,を
た,け,の,は,に,お,ち,ゐ,る,く,も,の,ま,ろ,ひ,あ,ひ,て,ぬ,る,よ,は,な,し,に,た,つ,わ,か,な,か
な,き,た,む,る,な,み,た,の,か,は,の,う,き,ぬ,な,は,く,る,し,や,ひ,と,に,あ,は,て,た,ち,な,は
き,み,と,い,へ,は,な,に,か,な,き,な,の,を,し,か,ら,む,よ,そ,へ,て,き,く,も,う,れ,し,き,も,の
う,つ,く,し,と,お,も,ひ,し,い,も,を,ゆ,め,に,み,て,お,き,て,さ,く,る,に,な,き,そ,か,な,し,き
う,ち,は,へ,て,あ,な,か,せ,さ,む,の,ふ,ゆ,の,よ,や,ま,し,ろ,に,し,も,の,お,け,る,あ,さ,み,ち
ふ,た,み,ち,に,わ,れ,や,ま,と,は,む,い,に,し,へ,の,の,な,か,の,く,さ,も,し,け,り,あ,ひ,に,け
あ,さ,ま,た,き,わ,か,う,ち,こ,ゆ,る,た,つ,た,や,ま,ふ,か,く,も,み,ゆ,る,ま,つ,の,み,と,り,か
あ,ま,な,ら,て,う,み,の,こ,こ,ろ,を,し,ら,ぬ,か,な,い,つ,み,つ,し,ほ,に,み,る,め,か,ら,な,む
あ,し,か,も,の,さ,わ,く,い,り,え,の,み,つ,の,え,の,よ,に,す,み,か,た,き,わ,か,み,な,り,け,り
ち,り,ぬ,と,も,い,か,て,か,し,ら,む,や,ま,さ,く,ら,は,る,の,か,す,み,の,た,ち,し,か,く,せ,は
ふ,た,は,よ,り,ひ,き,こ,そ,う,ゑ,め,み,る,ひ,と,の,お,い,せ,ぬ,も,の,と,ま,つ,を,き,く,に,も
や,ま,か,は,の,い,し,ま,を,わ,け,て,ゆ,く,み,つ,は,ふ,か,き,こ,こ,ろ,も,あ,ら,し,と,そ,お,も
は,る,た,て,は,う,め,の,は,な,か,さ,う,く,ひ,す,の,な,に,を,は,り,に,て,ぬ,ひ,と,と,む,ら,む
あ,た,ひ,と,の,こ,と,に,つ,く,へ,き,わ,か,み,か,は,し,ら,て,や,ひ,と,の,こ,ひ,む,と,い,ふ,ら
ひ,ね,も,す,に,と,ほ,た,あ,ふ,み,に,た,ね,ま,き,て,か,へ,る,た,を,さ,は,く,る,し,か,る,ら,む
ふ,し,の,ね,の,た,え,ぬ,お,も,ひ,を,す,る,か,ら,に,と,き,は,に,も,ゆ,る,み,と,そ,な,り,ぬ,る
あ,ふ,こ,と,を,い,つ,し,か,と,の,み,ま,つ,し,ま,の,か,は,ら,す,ひ,と,を,こ,ひ,わ,た,る,か,な
す,ま,の,う,ら,の,つ,る,の,か,ひ,こ,の,あ,る,と,き,は,こ,れ,か,ち,よ,へ,む,も,の,と,や,は,み
あ,し,か,ら,の,さ,か,み,に,ゆ,か,む,た,ま,く,し,け,は,こ,ね,の,や,ま,の,あ,け,む,あ,し,た,に
し,を,り,せ,む,さ,し,て,た,つ,ぬ,に,あ,し,ひ,き,の,や,ま,の,を,ち,に,て,あ,と,は,と,と,め,む
は,る,の,た,の,な,は,し,ろ,と,こ,ろ,つ,く,る,と,て,あ,は,け,ふ,よ,り,そ,せ,き,は,し,め,つ,る
と,め,ゆ,か,む,つ,ふ,さ,に,あ,は,と,み,え,す,と,も,し,か,の,は,か,り,は,し,る,と,い,ふ,な,り
こ,す,ゑ,し,も,ひ,ら,け,さ,り,つ,る,さ,く,ら,は,な,し,も,つ,ふ,さ,こ,そ,ま,つ,は,さ,き,け,れ
い,つ,し,か,と,お,も,ひ,た,ち,に,し,は,る,か,す,み,き,み,か,み,や,ま,に,か,か,ら,さ,ら,め,や
な,か,れ,あ,ふ,み,か,と,の,み,つ,の,む,し,ふ,れ,は,か,た,へ,も,し,も,は,う,ま,き,な,り,け,り
わ,た,つ,う,み,の,お,き,に,こ,ち,か,せ,は,や,か,ら,し,か,の,こ,ま,た,ら,に,な,み,た,か,く,み
さ,し,て,ゆ,く,み,か,さ,の,や,ま,し,と,ほ,け,れ,は,い,ま,は,ひ,た,け,ぬ,あ,す,そ,い,た,ら,む
あ,た,な,り,と,い,ひ,さ,め,ら,れ,し,ぬ,れ,き,ぬ,は,ひ,し,な,の,み,こ,そ,た,ち,ま,さ,る,ら,め
お,と,に,き,く,よ,し,の,の,さ,く,ら,み,に,ゆ,か,む,つ,け,よ,や,ま,も,り,は,な,の,さ,か,り,を
は,る,き,ぬ,と,ひ,と,し,も,つ,け,よ,あ,ふ,さ,か,の,ゆ,ふ,つ,け,と,り,も,こ,ゑ,に,こ,そ,し,れ
い,つ,か,お,ひ,む,つ,の,く,む,あ,し,を,み,る,ほ,と,は,な,に,は,の,う,ら,の,な,の,み,と,そ,お
ゆ,ふ,や,み,は,あ,な,お,ほ,つ,か,な,つ,き,か,け,の,い,て,は,や,は,な,の,い,ろ,も,ま,さ,ら,む
は,る,た,て,は,わ,か,さ,さ,み,つ,に,つ,む,せ,り,の,ね,ふ,か,く,ひ,と,を,お,も,ひ,け,る,か,な
お,の,か,か,の,あ,り,け,る,も,の,を,は,な,と,い,へ,は,ひ,と,つ,に,ほ,ひ,と,お,も,ひ,け,る,か
さ,れ,は,か,つ,ち,り,ぬ,る,や,ま,の,は,な,さ,く,ら,こ,こ,ろ,の,と,か,に,お,も,ひ,け,る,か,な
は,な,の,す,ゑ,ち,う,に,ま,さ,り,て,に,ほ,ひ,せ,は,そ,れ,を,そ,ひ,と,は,を,り,て,と,ら,ま,し
ひ,と,に,に,す,さ,か,な,き,お,や,の,こ,こ,ろ,ゆ,ゑ,ち,こ,さ,へ,に,く,く,お,も,ほ,ゆ,る,か,な
あ,つ,ま,ち,の,も,ろ,こ,し,さ,と,に,お,り,て,た,つ,き,ぬ,を,や,か,ら,の,き,ぬ,と,い,ふ,ら,む
は,る,さ,め,に,よ,に,は,み,つ,こ,そ,ま,さ,る,ら,し,た,に,は,た,き,え,は,お,と,た,か,く,な,る
た,の,む,へ,き,わ,れ,た,に,こ,こ,ろ,つ,ら,か,ら,は,ふ,か,き,や,ま,に,も,い,ら,む,と,そ,お,も
は,る,か,す,み,た,ち,ま,ふ,や,ま,と,み,え,つ,る,は,こ,の,も,か,の,も,の,さ,く,ら,な,り,け,り
う,く,ひ,す,の,こ,ゑ,を,ほ,の,か,に,う,ち,な,き,て,い,な,は,い,つ,れ,の,や,ま,に,た,つ,ね,む
や,ま,の,は,は,き,よ,く,み,ゆ,れ,と,あ,ま,の,は,ら,た,た,よ,ふ,く,も,の,つ,き,や,か,く,さ,む
よ,と,と,も,に,な,み,な,れ,い,そ,の,い,は,み,れ,は,か,た,へ,そ,か,わ,く,と,き,は,あ,り,け,る
く,さ,の,は,に,お,き,ゐ,る,つ,ゆ,の,き,え,ぬ,ま,は,た,ま,か,と,み,ゆ,る,こ,と,の,は,か,な,き
あ,と,も,な,く,け,さ,ふ,る,ゆ,き,の,あ,さ,ま,た,き,い,つ,も,る,と,き,く,は,そ,ら,こ,と,か,き
た,ち,か,は,り,ま,す,た,の,い,け,の,う,き,ぬ,な,は,く,れ,と,も,た,え,ぬ,も,の,に,そ,あ,り,け
き,み,か,み,ま,さ,か,な,く,つ,ね,に,は,な,れ,つ,つ,わ,か,は,な,そ,の,に,ふ,み,し,た,く,め,り
と,き,は,や,ま,ふ,た,は,の,ま,つ,の,と,し,を,へ,て,く,ひ,せ,に,な,ら,む,と,き,を,み,て,し,な
た,も,と,ひ,ち,う,き,て,み,さ,へ,そ,な,か,れ,つ,る,わ,か,な,き,こ,ひ,の,あ,は,ぬ,な,み,た,に
ひ,こ,ろ,へ,て,み,れ,と,も,あ,か,ぬ,さ,く,ら,は,な,か,せ,の,さ,そ,は,む,こ,と,の,ね,た,さ,よ
う,く,ひ,す,の,あ,き,て,た,ち,ぬ,る,は,な,の,か,を,か,せ,の,た,よ,り,に,わ,れ,は,し,る,か,な
み,つ,と,り,の,た,ち,ゐ,て,さ,わ,く,み,つ,の,す,は,う,か,へ,る,ふ,ね,そ,う,き,て,い,に,け,る
う,み,の,な,か,と,き,は,に,い,り,て,か,つ,く,あ,ま,も,ひ,と,に,は,あ,は,ひ,と,も,し,か,り,け
あ,さ,み,と,り,の,へ,の,あ,を,や,き,い,て,て,み,む,い,と,を,ふ,き,く,る,か,せ,は,あ,り,や,と
わ,か,ち,か,ふ,こ,と,を,ま,こ,と,と,お,も,は,す,は,あ,は,ち,は,や,ふ,る,か,み,に,と,へ,き,み
こ,す,ゑ,の,み,あ,は,と,み,え,つ,つ,は,は,き,き,の,も,と,を,も,と,よ,り,し,る,ひ,と,そ,な,き
わ,れ,は,け,さ,ぬ,き,て,か,へ,り,つ,か,ら,こ,ろ,も,よ,の,ま,と,い,ひ,し,こ,と,を,わ,す,れ,て
は,か,な,し,や,か,せ,に,ま,か,へ,る,く,も,の,い,よ,こ,こ,ろ,ほ,そ,く,そ,そ,ら,に,わ,た,れ,る
み,な,と,さ,る,ふ,ね,こ,そ,け,さ,は,あ,や,し,け,れ,ひ,た,け,は,か,せ,の,ふ,き,て,か,へ,す,に
か,た,み,ち,ち,く,せ,に,つ,く,れ,と,い,ひ,や,ら,む,ま,き,し,わ,か,な,も,お,い,は,つ,む,へ,き
ひ,と,を,こ,ひ,せ,め,て,な,み,た,の,こ,ほ,る,れ,は,こ,れ,た,か,か,た,の,そ,て,そ,ぬ,れ,け,る
た,れ,し,か,も,わ,れ,を,こ,ふ,ら,む,し,た,ひ,も,の,む,す,ひ,も,あ,へ,す,と,く,る,こ,こ,ろ,は
は,る,の,の,に,き,の,ふ,う,せ,に,し,わ,か,こ,ま,を,い,つ,れ,の,か,た,に,さ,し,て,も,と,め,む
は,な,に,て,ふ,こ,こ,に,て,つ,ね,に,む,つ,れ,な,む,の,と,け,か,ら,ね,は,み,る,ひ,と,も,な,し
あ,は,ぬ,こ,ひ,う,か,り,け,り,と,そ,お,も,ひ,ぬ,る,み,を,は,こ,か,せ,と,し,る,し,な,け,れ,は
わ,か,や,と,の,お,ほ,す,み,や,ま,の,い,か,な,れ,は,あ,き,を,し,ら,す,て,と,き,は,な,る,ら,む
は,る,の,の,の,は,な,を,く,さ,く,さ,つ,ま,む,と,て,さ,も,か,た,み,を,も,つ,く,り,つ,る,か,な
ゆ,き,か,へ,る,く,も,ゐ,は,み,ち,も,な,き,も,の,を,い,か,て,か,か,り,の,ま,と,は,さ,る,ら,む
や,ま,き,は,に,み,つ,し,ま,さ,ら,は,み,な,か,み,に,つ,も,る,こ,の,は,は,お,と,し,は,つ,ら,む
み,れ,と,あ,か,ぬ,よ,し,の,の,か,は,の,と,こ,な,め,に,た,ゆ,る,と,き,な,く,ま,た,か,へ,り,み
あ,か,ね,さ,し,ひ,は,て,ら,せ,と,も,う,は,た,ま,の,よ,わ,た,る,つ,き,の,か,く,ら,く,を,し,も
し,ら,す,と,も,ま,た,ひ,く,み,ち,を,し,ら,す,と,も,す,ま,ち,を,ゆ,け,は,つ,か,ひ,お,も,ほ,ゆ
す,ま,の,う,ら,に,ふ,ね,の,り,つ,ら,む,を,と,め,ら,か,あ,か,も,の,す,そ,に,し,ほ,や,み,つ,ら
や,ま,さ,と,は,つ,き,ひ,も,お,そ,く,う,つ,ら,な,む,こ,こ,ろ,の,と,か,に,も,み,ち,は,も,み,む
し,ら,つ,ゆ,を,た,ま,に,つ,く,れ,る,な,か,つ,き,の,あ,り,あ,け,の,つ,き,は,み,れ,と,あ,か,ぬ
た,れ,か,れ,と,わ,れ,を,な,と,ひ,そ,な,か,つ,き,の,し,く,れ,に,ぬ,れ,て,き,み,ま,つ,わ,れ,そ
わ,か,や,と,に,さ,け,る,あ,き,は,き,ち,り,は,て,は,あ,き,に,も,あ,は,ぬ,み,と,や,な,り,な,む
な,か,つ,き,を,き,み,に,こ,ひ,つ,つ,い,け,ら,す,は,さ,き,て,ち,り,に,し,は,な,な,ら,ま,し,を
こ,と,に,い,て,て,い,は,は,ゆ,ゆ,し,み,や,ま,か,は,の,た,き,つ,こ,こ,ろ,を,せ,き,そ,か,ね,つ
ひ,の,く,も,り,あ,め,ふ,る,か,は,の,さ,さ,ら,な,み,ま,な,く,も,ひ,と,を,こ,ひ,わ,た,る,か,な
あ,ら,い,そ,の,ほ,か,ゆ,く,な,み,の,ほ,か,こ,こ,ろ,わ,れ,は,お,も,は,し,こ,ひ,は,し,ぬ,と,も
な,き,な,の,み,た,つ,た,の,や,ま,の,ふ,も,と,に,は,よ,に,も,あ,ら,し,の,か,せ,も,ふ,か,な,む
ま,さ,し,て,ふ,や,そ,の,ち,ま,た,に,ゆ,ふ,け,と,ふ,う,ら,ま,さ,に,せ,よ,い,も,に,あ,ふ,へ,く
い,は,み,な,る,た,か,ま,の,や,ま,の,こ,の,ま,よ,り,わ,か,ふ,る,そ,て,を,い,も,み,け,む,か,も
あ,き,や,ま,に,ち,る,も,み,ち,は,の,し,は,ら,く,も,ち,り,な,み,た,れ,そ,い,も,か,あ,た,り,み
む,ら,さ,き,に,に,ほ,へ,る,い,も,か,か,く,し,あ,ら,は,ひ,と,つ,ま,ゆ,ゑ,に,わ,れ,こ,ひ,め,や
み,く,ま,の,の,う,ら,の,は,ま,ゆ,ふ,も,も,へ,な,る,こ,こ,ろ,は,お,も,へ,た,た,に,あ,は,ぬ,か
か,み,か,せ,の,い,せ,の,は,ま,を,き,を,り,ふ,せ,て,た,ひ,ね,か,す,ら,む,あ,ら,き,は,ま,へ,に
な,つ,の,ゆ,く,を,し,か,の,つ,の,の,つ,か,の,ま,も,わ,す,れ,す,お,も,ふ,い,も,か,こ,こ,ろ,を
お,も,ひ,つ,つ,ね,に,は,な,く,と,も,い,ち,し,る,く,ひ,と,の,し,る,へ,く,な,け,き,す,な,き,み
と,き,き,ぬ,の,お,も,ひ,み,た,れ,て,こ,ふ,れ,と,も,な,と,な,か,ゆ,ゑ,と,い,ふ,ひ,と,も,な,し
あ,つ,さ,ゆ,み,ひ,き,み,ひ,か,す,み,こ,す,は,こ,す,こ,は,こ,そ,は,な,そ,よ,そ,に,こ,そ,み,め
た,ま,ほ,こ,の,み,ち,ゆ,き,つ,か,れ,い,な,む,し,ろ,し,き,て,も,ひ,と,を,み,る,よ,し,も,か,な
あ,し,ひ,き,の,や,ま,た,も,る,を,の,お,く,か,ひ,の,し,た,こ,か,れ,つ,つ,わ,か,こ,ふ,ら,く,は
い,も,か,か,み,う,つ,を,さ,さ,の,の,は,な,れ,こ,ま,た,は,れ,に,け,ら,し,あ,は,ぬ,お,も,へ,は
あ,ま,く,も,の,や,へ,く,も,か,く,れ,な,る,か,み,の,お,と,に,の,み,や,は,き,き,わ,た,る,へ,き
お,も,ふ,な,と,ひ,と,は,い,へ,と,も,あ,ふ,こ,と,を,い,つ,と,し,り,て,か,わ,か,こ,ひ,さ,ら,む
も,の,の,ふ,の,や,そ,う,ち,か,は,の,あ,し,ろ,き,に,い,さ,よ,ふ,な,み,の,よ,る,へ,し,ら,す,も
わ,か,せ,こ,を,き,ま,せ,の,や,ま,と,ひ,と,は,い,へ,と,や,ま,の,な,な,ら,し,き,み,も,き,ま,さ
お,ほ,き,み,か,み,か,さ,の,や,ま,を,お,ひ,に,す,る,ほ,そ,た,に,か,は,の,お,と,の,さ,や,け,さ
つ,き,く,さ,に,こ,ろ,も,そ,そ,む,る,き,み,か,た,め,い,ろ,と,り,こ,ろ,も,す,ら,む,と,お,も,ひ
な,ほ,あ,ら,し,こ,と,な,し,く,さ,に,い,ふ,こ,と,を,き,き,て,し,あ,ら,は,う,れ,し,か,ら,ま,し
わ,か,こ,こ,ろ,ゆ,た,の,た,ゆ,た,に,う,き,ぬ,な,は,へ,に,も,お,き,に,も,な,り,に,け,る,か,な
ゆ,ふ,か,け,て,い,の,む,み,む,ろ,の,か,み,さ,ひ,て,い,な,に,は,あ,ら,す,ひ,と,め,し,け,み,そ
も,も,つ,た,ひ,や,そ,の,し,ま,へ,に,こ,く,ふ,ね,に,の,り,に,し,こ,こ,ろ,わ,す,れ,か,ね,つ,も
こ,と,し,け,き,さ,と,に,す,ま,す,は,け,さ,な,き,し,か,り,に,た,く,ひ,て,い,な,ま,し,も,の,を
み,れ,と,あ,か,ぬ,よ,し,の,の,や,ま,の,と,こ,な,め,に,た,ゆ,る,と,き,な,く,ま,た,か,へ,り,み
み,を,う,み,に,ふ,な,の,り,す,ら,む,つ,ま,と,も,に,た,ま,も,の,す,そ,に,し,ほ,み,ち,ぬ,ら,む
し,ほ,さ,ゐ,に,い,つ,し,の,う,ら,に,こ,く,ふ,ね,の,い,も,の,る,ら,む,か,あ,ら,き,は,ま,へ,に
た,ち,は,き,の,た,ふ,さ,の,す,ゑ,に,い,ま,も,か,も,お,ほ,み,や,ひ,と,の,た,ま,も,か,る,ら,む
さ,さ,の,は,も,み,や,ま,も,そ,よ,に,み,た,る,ら,む,わ,れ,は,い,も,お,も,ふ,お,き,て,き,つ,れ
ひ,さ,か,た,の,あ,め,ふ,る,こ,と,に,な,か,め,せ,し,み,や,の,み,こ,と,の,あ,れ,ま,く,も,を,し
し,ま,み,や,の,み,か,り,の,い,け,の,は,な,ち,と,り,ひ,と,め,き,ら,ひ,て,い,け,に,お,よ,か,す
し,き,た,へ,の,そ,て,か,へ,し,て,し,き,み,や,た,れ,の,う,ち,の,す,き,を,ま,た,は,あ,は,む,や
ひ,さ,か,た,の,あ,め,に,し,く,る,る,き,み,ゆ,ゑ,に,つ,き,ひ,も,し,ら,す,こ,ひ,わ,た,る,ら,む
は,に,や,す,の,み,ち,の,つ,つ,み,の,か,く,れ,ぬ,の,ゆ,く,へ,も,し,ら,す,と,ね,り,ま,と,ひ,ぬ
あ,き,や,ま,の,も,み,ち,を,し,け,み,ま,と,ひ,ぬ,る,い,も,を,を,し,む,と,や,ま,ち,く,ら,し,つ
し,ら,す,と,も,ま,た,ひ,く,み,ち,を,し,ら,す,と,も,す,ま,ち,を,ゆ,け,は,い,け,り,と,も,な,し
も,み,ち,は,の,ち,り,ぬ,る,あ,き,を,た,ま,つ,さ,の,つ,か,ひ,を,み,れ,は,こ,よ,ひ,お,も,ほ,ゆ
ふ,す,ま,ち,の,ひ,く,て,の,や,ま,に,い,も,を,お,き,て,や,ま,ち,を,ゆ,け,は,い,け,り,と,も,な,し
こ,そ,み,て,し,あ,き,の,つ,き,よ,は,や,と,れ,と,も,あ,ひ,み,し,い,も,は,ま,し,と,ほ,さ,か,る
い,へ,に,ゆ,き,て,わ,か,や,を,み,れ,は,た,ま,さ,さ,の,ほ,の,か,に,お,け,る,い,も,か,こ,ま,く
さ,さ,な,み,の,し,か,の,か,ら,さ,き,ゆ,き,て,み,れ,と,お,ほ,み,や,ひ,と,の,ふ,ね,ま,ち,か,ね
あ,ま,さ,か,る,ひ,な,の,な,か,ち,を,こ,き,ゆ,け,は,あ,か,し,の,と,よ,り,い,へ,の,あ,た,り,み
み,こ,の,う,み,は,よ,く,こ,そ,あ,る,ら,し,い,さ,り,せ,る,あ,ま,の,つ,り,ふ,ね,な,み,の,う,へ
す,ま,の,う,ら,に,ふ,な,の,り,す,ら,む,を,と,め,こ,か,あ,か,も,の,す,そ,に,し,ほ,や,み,つ,ら
お,ほ,ふ,ね,に,ま,か,ち,の,し,ぬ,に,う,な,ち,と,り,こ,き,て,て,わ,た,る,つ,き,ひ,と,を,と,こ
さ,さ,な,み,や,お,ほ,つ,の,う,ら,は,な,の,み,し,て,か,す,み,た,な,ひ,き,み,や,き,も,り,な,し
つ,ま,も,あ,ら,は,つ,み,て,た,か,ま,し,さ,み,や,ま,の,と,こ,の,お,は,ら,き,す,き,ぬ,へ,し,や
お,き,つ,な,み,よ,る,あ,ら,い,そ,の,し,き,た,へ,の,ま,く,ら,と,な,り,て,な,れ,る,き,み,か,も
い,も,や,ま,の,い,は,ね,に,お,け,る,わ,れ,を,か,も,し,ら,す,て,い,も,か,ま,ち,つ,つ,あ,ら,む
か,み,や,ま,の,い,は,ね,の,た,か,に,あ,る,わ,れ,を,し,ら,ぬ,か,い,も,か,ま,ち,つ,つ,ま,せ,る
や,ま,の,か,ひ,そ,こ,と,も,み,え,す,し,ら,か,し,の,え,た,に,も,は,に,も,ゆ,き,の,ふ,れ,れ,は
ひ,と,こ,と,は,な,つ,の,の,く,さ,と,し,け,く,と,も,い,も,と,わ,れ,と,し,た,つ,さ,は,り,な,は
こ,の,こ,ろ,の,こ,ひ,の,し,け,け,む,な,つ,く,さ,の,か,り,は,つ,れ,と,も,お,ひ,し,く,か,こ,と
わ,れ,こ,そ,は,に,く,く,も,あ,ら,め,わ,か,や,と,の,は,な,た,ち,は,な,は,み,に,も,こ,し,と,や
よ,そ,に,の,み,み,つ,つ,や,こ,ひ,む,く,れ,な,ゐ,の,す,ゑ,つ,む,は,な,の,い,ろ,に,い,て,ぬ,と
な,つ,く,さ,の,つ,ゆ,わ,け,こ,ろ,も,き,ぬ,も,の,を,な,と,か,わ,か,そ,て,の,か,わ,く,と,き,な
こ,ふ,る,ひ,は,け,な,か,き,も,の,を,こ,よ,ひ,さ,へ,と,も,し,か,る,ら,む,あ,ふ,へ,き,も,の,を
あ,ま,の,か,は,こ,そ,の,わ,た,り,の,う,つ,ろ,へ,は,か,は,せ,ふ,む,ま,に,よ,そ,ふ,け,に,け,る
と,し,の,こ,ひ,こ,よ,ひ,つ,く,し,て,あ,す,よ,り,は,つ,ね,の,こ,と,に,や,わ,か,こ,ひ,を,せ,む
あ,は,す,て,は,け,な,か,き,も,の,を,あ,ま,の,か,は,へ,た,つ,る,ま,て,や,わ,か,こ,ひ,を,ら,む
ひ,こ,ほ,し,と,た,な,は,た,つ,め,と,こ,よ,ひ,あ,は,む,あ,ま,の,か,は,せ,に,な,み,た,つ,な,ゆ
し,は,し,は,も,あ,ひ,み,ぬ,い,も,を,あ,ま,の,か,は,ふ,な,て,は,や,せ,よ,よ,の,ふ,け,ぬ,と,き
あ,き,か,せ,の,き,よ,き,ゆ,ふ,へ,に,あ,ま,の,か,は,ふ,ね,こ,き,わ,た,せ,つ,き,ひ,と,を,と,こ
あ,ま,の,か,は,き,り,た,ち,わ,た,る,ひ,こ,ほ,し,の,か,ち,お,と,き,こ,ゆ,よ,の,ふ,け,ゆ,け,は
あ,ま,の,か,は,と,ほ,き,わ,た,り,と,な,け,れ,と,も,き,み,か,ふ,な,て,は,と,し,に,こ,そ,ま,て
あ,ま,の,か,は,は,し,う,ち,わ,た,す,い,か,い,か,に,や,ま,す,か,よ,は,む,と,き,ま,た,す,と,も
あ,ま,の,か,は,き,り,た,ち,わ,た,る,た,な,は,た,は,あ,ま,の,は,こ,ろ,も,と,ひ,わ,か,る,か,も
あ,ま,の,か,は,よ,は,ふ,け,に,つ,つ,さ,ぬ,る,よ,の,と,し,の,ま,れ,ら,に,た,た,ひ,と,よ,の,み
た,な,は,た,の,こ,よ,ひ,あ,ひ,な,は,つ,ね,の,こ,と,つ,き,ひ,へ,た,つ,る,と,し,な,か,ら,な,む
あ,ま,の,か,は,こ,そ,の,わ,た,り,は,あ,せ,に,け,り,き,み,か,き,ま,さ,む,あ,と,の,こ,ら,な,む
あ,ま,の,か,は,あ,さ,せ,し,ら,な,み,た,か,け,れ,は,た,た,わ,た,り,な,む,ま,て,は,す,へ,な,し
い,も,に,あ,ふ,と,き,み,ま,た,ま,つ,と,ひ,さ,か,た,の,あ,ま,の,か,は,ら,に,と,し,そ,へ,に,け
し,ら,つ,ゆ,の,お,か,ま,く,を,し,き,あ,き,は,き,の,を,り,て,み,を,り,て,お,き,や,か,ら,さ,む
あ,さ,か,ほ,の,あ,さ,つ,ゆ,お,き,て,さ,く,と,い,へ,と,ゆ,ふ,か,ほ,に,こ,そ,に,ほ,ひ,ま,し,け
ひ,と,は,み,な,は,き,を,あ,き,と,は,い,ふ,な,れ,と,を,は,な,の,す,ゑ,を,あ,き,と,は,い,は,む
わ,か,や,と,に,さ,け,る,あ,き,は,き,つ,ね,な,ら,は,わ,れ,ま,つ,ひ,と,に,み,せ,ま,し,も,の,を
わ,か,や,と,に,う,ゑ,お,ほ,し,た,る,あ,き,は,き,を,た,れ,か,し,め,さ,し,わ,れ,に,し,ら,せ,ぬ
て,に,と,れ,は,そ,て,さ,へ,に,ほ,ふ,を,み,な,へ,し,こ,の,し,た,つ,ゆ,に,ち,ら,ま,く,も,を,し
わ,き,も,こ,か,ゆ,き,あ,ひ,の,い,ね,の,か,る,と,き,に,な,り,に,け,る,か,な,は,き,の,は,な,さ
こ,ひ,し,く,は,か,た,み,と,せ,む,と,わ,か,せ,こ,か,う,ゑ,し,あ,き,は,き,は,な,さ,き,に,け,り
あ,き,は,き,は,か,り,に,あ,は,し,と,い,へ,れ,は,か,こ,ゑ,を,た,て,て,は,は,な,さ,き,に,け,り
あ,き,さ,れ,は,い,も,に,み,せ,む,と,う,ゑ,し,は,き,つ,ゆ,し,も,お,き,て,ち,り,に,け,ら,し,も
あ,き,か,せ,に,や,ま,と,ひ,こ,ゆ,る,か,り,か,ね,の,い,や,と,ほ,さ,か,る,く,も,か,く,れ,つ,つ
あ,ま,く,も,の,よ,そ,の,か,り,か,ね,き,き,し,よ,り,い,た,く,し,も,ふ,り,さ,む,し,こ,よ,ひ,は
か,き,ね,な,る,は,き,の,は,な,さ,く,あ,き,か,せ,の,ふ,く,な,る,な,へ,に,か,り,な,き,わ,た,る
や,ま,ち,か,く,い,へ,ゐ,を,せ,れ,は,さ,を,し,か,の,こ,ゑ,を,き,き,つ,つ,い,も,ね,か,ね,つ,も
あ,し,ひ,き,の,や,ま,よ,り,き,け,は,さ,を,し,か,の,つ,ま,よ,ふ,こ,ゑ,を,き,か,ま,し,も,の,を
ゆ,ふ,か,け,に,な,く,ひ,く,ら,し,の,こ,こ,は,く,に,ひ,こ,と,に,き,け,と,あ,か,ぬ,き,み,か,な
あ,き,か,せ,の,さ,む,く,ふ,く,な,へ,わ,か,や,と,に,あ,さ,ち,か,も,と,に,ひ,く,ら,し,も,な,く
か,み,な,ひ,の,や,ま,し,た,と,よ,み,ゆ,く,か,は,に,か,は,つ,な,く,な,り,あ,き,と,い,は,は,や
く,さ,ま,く,ら,た,ひ,に,も,の,お,も,ふ,わ,か,き,け,は,ゆ,ふ,か,た,か,け,に,な,く,ひ,く,ら,し
せ,を,は,や,み,お,ち,た,き,つ,ら,し,し,ら,な,み,に,か,は,つ,な,く,な,り,あ,さ,ゆ,ふ,こ,と,に
あ,き,は,き,に,お,け,る,し,ら,つ,ゆ,あ,さ,な,あ,さ,な,た,ま,と,そ,み,ゆ,る,お,け,る,し,ら,つ
し,ら,つ,ゆ,と,あ,き,の,は,な,と,を,こ,き,ま,せ,て,わ,く,こ,と,か,た,き,わ,か,こ,こ,ろ,か,な
わ,か,や,と,の,を,は,な,お,し,な,ひ,お,く,つ,ゆ,に,て,ふ,れ,わ,き,も,こ,ち,ら,ま,く,も,を,し
こ,の,こ,ろ,の,あ,き,か,せ,さ,む,し,は,き,か,は,な,ち,ら,す,し,ら,つ,ゆ,お,き,に,け,ら,し,も
こ,の,こ,ろ,の,あ,か,つ,き,つ,ゆ,に,わ,か,や,と,の,は,き,の,し,た,は,は,い,ろ,つ,き,に,け,り
か,り,か,ね,は,い,ま,は,き,な,き,ぬ,わ,か,ま,ち,し,も,み,ち,は,や,つ,け,ま,て,は,く,る,し,も
あ,き,さ,れ,は,お,く,し,ら,つ,ゆ,に,わ,か,や,と,の,あ,さ,ち,か,う,へ,は,い,ろ,つ,き,に,け,り
あ,き,か,せ,の,ひ,こ,と,に,ふ,け,は,つ,ゆ,お,も,み,は,き,の,し,た,は,は,い,ろ,つ,き,に,け,り
ひ,と,と,せ,に,ふ,た,た,ひ,ゆ,か,ぬ,あ,き,や,ま,を,こ,こ,ろ,に,も,あ,ら,て,す,く,し,つ,る,か
か,り,か,ね,の,な,き,に,し,と,も,に,か,ら,こ,ろ,も,た,つ,た,の,や,ま,は,い,ろ,つ,き,に,け,り
さ,を,し,か,の,つ,ま,よ,ふ,や,ま,の,を,か,へ,な,る,わ,さ,た,は,か,ら,す,し,も,は,ふ,れ,と,も
わ,か,や,と,の,ま,も,る,た,み,れ,は,さ,は,の,う,ら,に,あ,き,は,み,つ,に,て,お,も,ほ,ゆ,る,か
こ,の,よ,ひ,は,さ,よ,ふ,け,ぬ,ら,し,か,り,か,ね,の,き,こ,ゆ,る,そ,ら,に,つ,き,た,ち,わ,た,る
わ,か,せ,こ,か,か,さ,し,の,え,た,に,お,く,つ,ゆ,の,き,よ,く,み,せ,む,と,つ,き,は,て,る,ら,し
し,ら,つ,ゆ,を,た,ま,に,つ,つ,れ,る,な,か,つ,き,の,あ,り,あ,け,の,つ,き,は,み,れ,と,あ,か,ぬ
こ,ひ,つ,つ,も,い,な,は,か,き,わ,け,い,へ,を,れ,は,と,も,し,く,も,あ,ら,す,あ,き,の,ゆ,ふ,く
は,き,の,は,な,さ,き,た,る,の,へ,は,ひ,く,ら,し,の,な,く,な,る,と,も,に,あ,き,か,せ,そ,ふ,く
あ,き,や,ま,の,こ,の,は,も,い,ま,た,も,み,ち,ね,は,け,さ,ふ,く,か,せ,は,し,も,き,え,ぬ,へ,く
あ,き,た,か,る,ひ,た,の,い,ほ,り,に,し,く,れ,ふ,る,わ,か,そ,て,ぬ,れ,ぬ,ほ,す,ひ,と,も,な,し
た,ま,た,す,き,か,け,ぬ,と,き,な,く,わ,か,こ,ふ,る,し,く,れ,し,ふ,ら,は,ぬ,れ,つ,つ,も,こ,む
も,み,ち,は,を,お,と,す,し,く,れ,の,ふ,る,な,へ,に,よ,さ,へ,そ,さ,む,き,ひ,と,り,し,ぬ,れ,は
す,み,よ,し,の,き,し,を,た,に,ほ,り,ま,き,し,い,ね,を,か,る,ま,て,い,も,に,あ,は,ぬ,な,り,け
あ,き,の,た,の,ほ,の,か,に,お,け,る,し,ら,つ,ゆ,の,け,ぬ,へ,く,わ,れ,は,お,も,ほ,ゆ,る,か,な
あ,き,の,た,の,か,り,ほ,に,つ,く,り,い,ほ,り,し,て,ひ,ま,な,く,き,み,を,み,る,よ,し,も,か,な
あ,き,は,き,の,さ,き,け,る,の,へ,の,ゆ,ふ,く,れ,に,ぬ,れ,つ,つ,き,ま,せ,よ,は,ふ,け,ぬ,と,も
あ,き,は,き,の,え,た,も,た,わ,わ,に,お,く,つ,ゆ,の,き,え,も,し,な,ま,し,わ,れ,こ,ひ,つ,つ,あ
あ,き,は,き,に,お,と,す,し,く,れ,の,ふ,る,と,き,は,ひ,と,を,お,き,ゐ,て,こ,ふ,る,よ,そ,お,ほ,き
さ,を,し,か,の,あ,さ,ふ,す,を,の,の,く,さ,わ,か,み,か,く,れ,か,ね,て,か,ひ,と,に,し,ら,れ,ぬ
あ,き,さ,れ,は,か,り,と,ひ,こ,ゆ,る,た,つ,た,や,ま,た,つ,と,ゐ,る,と,に,き,み,こ,そ,お,も,へ
な,に,す,と,か,き,み,を,い,と,は,む,あ,き,は,き,の,そ,の,は,つ,は,な,の,こ,ひ,し,き,も,の,を
か,り,か,ね,の,は,つ,こ,ゑ,な,ら,て,さ,き,て,ち,る,や,と,の,あ,き,は,き,み,に,こ,わ,か,せ,こ
な,か,つ,き,を,き,み,に,こ,ひ,つ,つ,い,け,ら,す,は,さ,き,て,ち,り,に,し,は,な,な,ら,ま,し,を
あ,き,の,よ,の,つ,き,か,も,き,み,は,く,も,か,く,れ,し,は,し,も,み,ね,は,き,み,そ,こ,ひ,し,き
な,か,つ,き,の,あ,り,あ,け,の,つ,き,の,あ,り,つ,つ,も,き,み,し,き,ま,さ,は,わ,れ,こ,ひ,む,か
は,ふ,り,こ,か,い,は,ふ,や,し,ろ,の,も,み,ち,は,も,し,め,を,は,こ,え,て,ち,り,く,る,も,の,を
あ,し,ひ,き,の,や,ま,ち,も,し,ら,す,し,ら,か,し,の,え,た,も,た,わ,わ,に,ゆ,き,の,ふ,れ,れ,は
よ,を,さ,む,み,あ,さ,と,を,あ,け,て,い,て,ぬ,れ,は,に,は,も,は,た,ら,に,ゆ,き,ふ,り,に,け,り
あ,は,ゆ,き,は,け,さ,は,な,ふ,り,そ,し,ろ,た,へ,の,そ,て,ま,き,ほ,さ,む,ひ,と,も,あ,ら,な,く
た,か,や,と,の,う,め,の,は,な,そ,も,ひ,さ,か,た,の,き,よ,き,つ,き,よ,に,の,こ,ら,さ,り,け,り
う,め,の,は,な,ま,つ,さ,く,え,た,を,を,り,も,ち,て,つ,と,と,な,つ,け,て,そ,て,を,み,む,か,も
き,て,み,へ,き,ひ,と,も,あ,ら,な,く,に,わ,か,や,と,の,う,め,の,は,つ,は,な,ち,り,ぬ,れ,と,よ
あ,は,ゆ,き,の,ふ,る,に,き,え,ぬ,へ,く,お,も,へ,と,も,あ,ふ,よ,し,も,な,み,ほ,と,そ,へ,に,け,る
あ,ま,き,り,あ,ひ,ふ,り,く,る,ゆ,き,の,き,え,ぬ,と,も,き,み,に,は,あ,は,む,と,わ,か,か,へ,り,き,た,る
わ,か,や,と,に,さ,き,た,る,う,め,を,つ,き,か,け,に,よ,な,よ,な,き,つ,つ,み,む,ひ,と,も,か,な
わ,か,や,と,の,い,け,の,ふ,ち,な,み,さ,き,に,け,り,や,ま,ほ,と,と,き,す,い,ま,や,き,な,か,む
た,こ,の,う,ら,の,そ,こ,さ,へ,に,ほ,ふ,ふ,ち,な,み,を,か,さ,し,て,ゆ,か,む,み,ぬ,ひ,と,の,た
と,し,に,あ,り,て,ひ,と,よ,い,も,に,あ,ふ,ひ,こ,ほ,し,の,わ,れ,に,ま,さ,り,て,お,も,ふ,ら,む
わ,き,も,こ,か,あ,か,も,ぬ,ら,し,て,う,ゑ,し,た,を,か,り,て,を,さ,め,む,く,ら,な,し,の,は,ま
あ,き,か,せ,の,ひ,こ,と,に,ふ,け,は,ひ,さ,か,た,の,を,か,の,こ,の,は,も,い,ろ,つ,き,に,け,り
あ,は,ぬ,よ,の,ふ,る,し,ら,ゆ,き,と,つ,も,り,な,は,わ,れ,さ,へ,と,も,に,き,え,ぬ,へ,き,も,の
あ,し,ひ,き,の,や,ま,し,た,と,よ,み,ゆ,く,み,つ,の,と,き,そ,と,も,な,く,こ,ふ,る,わ,か,み,か
し,く,れ,の,み,め,に,は,ふ,れ,れ,は,ま,き,の,は,も,あ,ら,そ,ひ,か,ね,て,も,み,ち,し,に,け,り
あ,を,や,き,の,か,つ,ら,き,や,ま,に,ゐ,る,く,も,の,た,ち,て,も,ゐ,て,も,き,み,を,こ,そ,お,も
み,な,そ,こ,に,お,ふ,る,た,ま,も,の,う,ち,な,ひ,き,こ,こ,ろ,を,よ,せ,て,こ,ふ,る,こ,の,こ,ろ
こ,と,に,い,て,て,い,は,は,ゆ,ゆ,し,み,や,ま,か,は,の,た,き,つ,こ,こ,ろ,を,せ,き,そ,か,ね,つ
ひ,の,く,も,り,あ,め,ふ,る,か,は,の,さ,さ,ら,な,み,ま,な,く,も,ひ,と,に,こ,ひ,ら,る,る,か,な
こ,ひ,こ,ひ,て,の,ち,に,あ,は,む,と,な,く,さ,む,る,こ,こ,ろ,し,な,く,は,い,き,て,あ,ら,め,や
こ,ひ,す,る,に,し,ぬ,る,も,の,に,し,あ,ら,ま,せ,は,わ,か,み,は,ち,た,ひ,し,に,か,へ,ら,ま,し
こ,ひ,こ,ひ,て,こ,ひ,て,し,ね,と,や,わ,き,も,こ,か,わ,か,い,へ,の,か,と,を,す,き,て,ゆ,き,ぬ
わ,ひ,つ,つ,も,け,ふ,は,く,ら,し,つ,か,す,み,た,つ,あ,す,の,は,る,ひ,を,い,か,て,く,ら,さ,む
こ,ひ,つ,つ,も,け,ふ,は,あ,り,な,む,た,ま,く,し,け,あ,け,な,む,あ,す,を,い,か,て,く,ら,さ,む
や,ま,の,は,に,さ,し,い,る,つ,き,の,は,つ,は,つ,に,い,も,を,そ,み,つ,る,こ,ひ,し,き,ま,て,に
た,け,の,は,に,お,き,ゐ,る,く,も,の,ま,ろ,ひ,あ,ひ,て,ぬ,る,よ,は,な,し,に,た,つ,わ,か,な,か
な,き,な,の,み,た,つ,の,い,ち,と,は,さ,わ,け,と,も,い,さ,ま,た,ひ,と,を,う,る,よ,し,も,か,な
ま,す,か,か,み,て,に,と,り,も,ち,て,あ,さ,な,あ,さ,な,み,れ,と,も,き,み,に,あ,く,と,き,そ,な
か,く,は,か,り,こ,ひ,し,き,も,の,と,し,ら,ま,せ,は,よ,そ,に,み,ゆ,へ,く,あ,ら,ま,し,も,の,を
こ,ひ,し,と,か,こ,ひ,も,し,ね,と,か,た,ま,ほ,こ,の,み,ち,ゆ,き,ひ,と,に,こ,と,つ,て,も,な,し
あ,ひ,み,て,は,い,く,ひ,さ,さ,に,も,あ,ら,ね,と,も,と,し,つ,き,の,こ,と,お,も,ほ,ゆ,る,か,な
い,は,ね,ふ,み,か,さ,な,る,や,ま,は,な,け,れ,と,も,あ,は,ぬ,ひ,か,す,を,こ,ひ,わ,た,る,か,な
な,る,か,み,の,し,は,し,は,そ,ら,に,さ,し,く,も,り,あ,め,も,ふ,ら,な,む,き,み,と,ま,る,へ,く
う,は,た,ま,の,こ,よ,ひ,な,あ,け,そ,あ,け,ゆ,け,は,あ,さ,ゆ,く,き,み,を,ま,つ,も,く,る,し,も
さ,さ,な,み,や,し,か,の,か,ら,さ,き,き,た,れ,と,も,お,ほ,み,や,ひ,と,の,ふ,ね,ま,ち,か,ね,つ
ち,は,や,ふ,る,か,み,の,た,も,て,る,い,の,ち,を,も,た,か,た,め,と,お,も,ふ,わ,れ,な,ら,な,く
あ,し,ろ,き,の,し,ら,な,み,よ,り,て,せ,か,ま,せ,は,な,か,る,る,み,つ,も,の,と,け,か,ら,ま,し
あ,ら,ち,を,の,か,る,や,の,さ,き,に,た,つ,し,か,も,い,と,わ,か,こ,と,に,も,の,は,お,も,は,し
よ,そ,に,し,て,く,も,ゐ,に,み,ゆ,る,い,も,か,い,へ,に,は,や,く,い,た,ら,む,あ,ゆ,め,く,ろ,こ
み,な,と,い,り,の,あ,し,わ,け,を,ふ,ね,さ,は,り,お,ほ,み,こ,ひ,し,き,ひ,と,に,あ,は,ぬ,こ,ろ
あ,さ,し,も,の,き,え,み,き,え,す,み,お,も,へ,と,も,い,か,て,か,こ,よ,ひ,あ,か,し,つ,る,か,も
ま,さ,し,て,ふ,や,そ,の,ち,ま,た,に,ゆ,ふ,け,と,ふ,う,ら,ま,さ,に,せ,よ,い,も,に,あ,ふ,よ,し
そ,ら,の,う,み,に,く,も,の,な,み,た,つ,つ,き,の,ふ,ね,ほ,し,の,は,や,し,に,こ,き,か,へ,る,み
ち,ち,に,ひ,と,は,い,ふ,と,も,ひ,と,は,お,り,つ,か,む,わ,か,は,た,も,の,に,し,ろ,き,あ,さ,き,ぬ
ま,す,か,か,み,み,し,か,と,お,も,ふ,い,も,に,あ,は,む,か,も,た,ま,の,を,の,た,え,た,る,お,も
お,ほ,な,む,ち,す,く,な,み,か,み,の,つ,く,れ,り,し,い,も,せ,の,や,ま,を,み,る,か,う,れ,し,さ
ま,き,も,く,の,や,ま,へ,ひ,ひ,き,て,ゆ,く,み,つ,の,み,つ,の,あ,わ,こ,と,よ,を,は,わ,か,み,て
し,き,た,へ,の,そ,て,か,へ,し,き,み,た,ま,た,れ,の,を,ち,に,す,き,た,る,た,ま,も,あ,は,む,や,は
あ,き,た,か,る,か,り,ほ,を,つ,く,り,わ,か,を,れ,は,こ,ろ,も,て,さ,む,し,つ,ゆ,そ,お,き,け,る
ふ,る,ゆ,き,の,そ,ら,に,き,え,ぬ,へ,く,お,も,へ,と,も,あ,ふ,よ,し,も,な,し,と,し,そ,へ,に,け
ふ,る,み,ち,に,わ,れ,や,ま,と,は,む,い,に,し,へ,の,の,な,か,の,く,さ,と,し,け,り,あ,ひ,に,け
あ,ま,な,ら,て,う,み,の,こ,こ,ろ,も,し,ら,ぬ,か,な,い,つ,み,に,し,ほ,に,み,る,め,か,る,ら,む
あ,し,か,も,の,さ,わ,く,い,り,え,の,み,つ,な,ら,て,よ,に,す,み,か,た,き,わ,か,み,な,り,け,り
あ,た,ひ,と,の,こ,と,に,つ,く,へ,き,わ,か,み,か,は,し,ら,は,や,よ,そ,に,こ,ひ,し,て,ふ,ら,む
す,ま,の,う,ら,に,つ,る,の,か,ひ,こ,の,あ,る,と,き,は,こ,れ,か,ち,よ,へ,む,も,の,と,や,は,み
し,を,り,せ,む,さ,し,て,た,つ,ね,よ,あ,し,ひ,き,の,や,ま,の,を,ち,に,て,あ,と,は,と,と,め,つ
は,る,の,た,の,な,は,し,ろ,と,こ,ろ,つ,く,る,と,て,あ,は,け,ふ,よ,り,そ,せ,き,は,は,し,む,る
と,め,ゆ,か,む,つ,ふ,さ,に,あ,と,は,み,え,す,と,も,し,か,の,は,か,り,は,し,る,と,い,ふ,な,り
こ,す,ゑ,し,も,ひ,ら,け,さ,り,け,り,さ,く,ら,は,な,し,も,つ,ふ,さ,こ,そ,ま,つ,は,さ,き,け,れ
い,つ,し,か,と,お,も,ひ,た,ち,に,し,は,る,か,す,み,き,み,か,や,ま,ち,に,か,か,ら,さ,ら,め,や
な,か,れ,あ,ふ,み,な,と,の,み,つ,の,う,ま,け,れ,は,か,た,へ,も,し,ほ,は,あ,ま,き,な,り,け,り
さ,し,て,ゆ,く,み,か,さ,の,や,ま,し,と,ほ,け,れ,は,け,ふ,は,ひ,た,け,ぬ,あ,す,そ,い,た,ら,む
あ,た,な,り,と,い,ひ,そ,め,ら,れ,し,ぬ,れ,き,ぬ,は,ひ,し,な,の,み,こ,そ,た,ち,ま,さ,り,け,れ
は,る,き,ぬ,と,ひ,と,し,も,つ,け,す,あ,ふ,さ,か,の,ゆ,ふ,つ,け,と,り,の,こ,ゑ,に,こ,そ,し,れ
い,つ,か,お,ひ,む,つ,の,く,む,あ,し,を,み,る,ほ,と,は,な,に,は,の,う,ら,も,な,の,み,と,そ,お
ゆ,ふ,や,み,は,あ,ら,お,ほ,つ,か,な,つ,き,か,け,の,い,て,は,や,は,な,の,い,ろ,も,ま,さ,ら,む
は,る,た,て,は,わ,か,さ,は,み,つ,に,つ,む,せ,り,の,ね,ふ,か,く,ひ,と,を,お,も,ひ,ぬ,る,か,な
し,か,や,ま,を,こ,え,ゆ,く,ひ,と,を,つ,つ,ら,つ,ゑ,ち,と,せ,ま,た,す,と,き,く,は,ま,こ,と,か
お,の,か,か,く,あ,り,け,る,も,の,を,は,な,と,い,へ,は,ひ,と,つ,に,ほ,ひ,に,お,も,ひ,け,る,か
さ,け,は,か,つ,ち,り,ぬ,る,や,ま,の,さ,く,ら,は,な,こ,こ,ろ,の,と,か,に,お,も,ひ,け,る,か,な
は,る,さ,め,に,よ,に,は,み,つ,こ,そ,ま,さ,る,ら,し,た,は,た,た,き,こ,ゑ,お,と,た,か,く,な,る
う,く,ひ,す,の,こ,ゑ,を,ほ,の,か,に,う,ち,な,き,て,い,な,は,い,つ,れ,の,や,ま,を,た,つ,ね,む
や,ま,き,は,は,き,よ,く,み,ゆ,れ,と,あ,ま,つ,そ,ら,た,た,よ,ふ,く,も,の,つ,き,や,か,く,さ,む
よ,と,と,も,に,な,み,な,き,い,そ,の,い,は,み,れ,は,か,た,へ,そ,か,わ,く,と,き,は,あ,り,け,る
く,さ,の,は,に,お,き,ゐ,る,つ,ゆ,の,き,え,ぬ,ま,は,た,ま,か,と,み,ゆ,る,こ,と,の,は,か,な,さ
ほ,と,も,な,く,け,さ,ふ,る,ゆ,き,の,あ,さ,ま,た,き,い,つ,も,と,い,ふ,は,そ,ら,こ,と,か,き,み
と,き,は,や,ま,ふ,た,は,の,ま,つ,の,と,し,を,へ,て,く,ひ,せ,に,な,ら,む,と,し,を,み,て,し,か
た,も,と,ひ,ち,う,き,て,み,さ,へ,そ,な,か,れ,つ,る,わ,り,な,き,こ,ひ,の,あ,は,ぬ,な,み,た,に
う,く,ひ,す,の,あ,き,て,た,ち,ぬ,る,は,な,の,か,を,か,せ,の,た,よ,り,に,わ,れ,は,み,る,か,な
み,つ,と,り,の,た,ち,ゐ,て,さ,わ,く,い,そ,の,す,は,う,か,へ,る,ふ,ね,そ,よ,そ,に,す,き,け,る
う,み,の,な,か,と,き,は,に,い,り,て,か,つ,く,あ,ま,も,ひ,と,に,あ,は,ひ,は,と,も,し,か,り,け
こ,す,ゑ,の,み,あ,は,と,み,え,つ,つ,は,は,き,き,の,も,と,を,も,と,よ,り,み,る,ひ,と,そ,な,き
わ,れ,は,け,さ,ぬ,き,て,か,へ,り,ぬ,か,ら,こ,ろ,も,よ,の,ま,と,い,ひ,し,こ,と,を,わ,す,れ,す
は,か,な,し,や,か,せ,に,う,か,へ,る,く,も,の,い,よ,こ,こ,ろ,ほ,そ,く,そ,そ,ら,に,わ,た,れ,る
み,な,と,さ,る,ふ,ね,こ,そ,け,さ,は,あ,や,し,け,れ,ひ,た,け,て,か,せ,の,ふ,き,て,か,へ,る,に
た,れ,し,か,も,わ,れ,を,こ,ふ,ら,む,し,た,ひ,も,の,む,す,ひ,も,あ,は,す,と,く,る,ひ,こ,ろ,は
わ,か,や,と,に,お,ほ,す,み,や,ま,の,い,か,な,れ,は,あ,き,を,し,ら,す,て,と,き,は,な,る,ら,む
ゆ,き,か,よ,ふ,く,も,ゐ,は,み,ち,も,な,き,も,の,を,い,か,て,か,か,り,の,ま,と,は,さ,る,ら,む
や,ま,か,は,に,み,つ,し,ま,さ,ら,は,み,な,か,み,に,つ,も,る,こ,の,は,は,お,と,し,は,つ,ら,む
